Name;PowerState;Folder;IPAddress;SubnetMask;MacAddress;Gateway;TotalNics;DNS;NicType;PortGroup;VMHost;VMHostId;Cluster;VCenter
opevgfrdb03a;PoweredOn;USSO - EVENT MANAGER - FR;10.111.98.207, 10.107.30.45, 10.77.130.56;10.77.130.0/23 10.107.30.0/23 10.111.98.0/23;00:50:56:8d:69:83, 00:50:56:8d:b1:6c, 00:50:56:8d:21:d7;10.107.31.254, 10.111.99.254;3;10.77.130.11, 10.77.130.12, 10.234.18.153;Vmxnet3;VM ADM 1455, VM PRI 1276, VM PRV 1812;opsidwup5esx12a.bagnolet.francetelecom.fr;HostSystem-host-327;CLOAUBSIDWUP05;opsidiasaubvc01-adm.bagnolet.francetelecom.fr
opwupfrpriv39a;PoweredOn;USSO - WASPRIV - FR;10.111.98.138, 10.107.30.138, 10.77.130.138;10.77.130.0/23 10.107.30.0/23 10.111.98.0/23;00:50:56:90:31:10, 00:50:56:90:31:11, 00:50:56:90:31:12;10.77.131.254, 10.111.99.254, 10.107.31.254;3;10.77.130.11, 10.77.130.12, 10.114.134.61;Vmxnet3;VM ADM 1455, VM PRI 1276, VM PRV 1812;opsidwup5esx12a.bagnolet.francetelecom.fr;HostSystem-host-327;CLOAUBSIDWUP05;opsidiasaubvc01-adm.bagnolet.francetelecom.fr
id-mm-out-dbr1-a;PoweredOn;USSO - ORANGE OUT - MM;10.234.107.242, 10.234.96.186, 172.21.45.183;10.234.96.0/26 172.21.45.0/24 10.234.107.0/24;00:50:56:b2:7c:30, 00:50:56:b2:70:ae, 00:50:56:b2:39:ee, 00:50:56:b2:7e:4d;10.234.107.254, 10.234.96.160;4;172.21.45.129, 172.21.45.130, 10.234.18.153;e1000;Production AD, Production DE, Production DI, Production PR;opsidwup5esx8a.bagnolet.francetelecom.fr;HostSystem-host-349;CLOAUBSIDWUP05;opsidiasaubvc01-adm.bagnolet.francetelecom.fr
opwtrwtpriv3a;PoweredOn;USSO - WT;10.111.98.184, 10.117.11.131, 10.77.130.45;10.77.130.0/23 10.111.98.0/23;00:50:56:90:4c:e5, 00:50:56:90:4c:e6, 00:50:56:90:4c:e7;10.111.99.254, 10.117.11.190;3;10.77.130.11, 10.77.130.12, 10.114.134.61;Vmxnet3;VM ADM 1455, VM PRI 1277, VM PRV 1812;opsidwup5esx8a.bagnolet.francetelecom.fr;HostSystem-host-349;CLOAUBSIDWUP05;opsidiasaubvc01-adm.bagnolet.francetelecom.fr
opwupfrpriv35a;PoweredOn;USSO - WASPRIV - FR;10.111.98.134, 10.107.30.134, 10.77.130.134;10.77.130.0/23 10.107.30.0/23 10.111.98.0/23;00:50:56:90:31:04, 00:50:56:90:31:05, 00:50:56:90:31:06;10.77.131.254, 10.111.99.254, 10.107.31.254;3;10.77.130.11, 10.77.130.12, 10.114.134.61;Vmxnet3;VM ADM 1455, VM PRI 1276, VM PRV 1812;opsidwup5esx8a.bagnolet.francetelecom.fr;HostSystem-host-349;CLOAUBSIDWUP05;opsidiasaubvc01-adm.bagnolet.francetelecom.fr
opwarmmdbc1a;PoweredOn;USSO - ARC - MM;10.234.107.51, 10.234.183.10, 172.21.45.214;10.234.183.0/25 172.21.45.0/24 10.234.107.0/24;00:50:56:90:43:2b, 00:50:56:90:43:2c, 00:50:56:90:43:2d;10.234.107.254, 10.234.183.126;3;172.21.45.129, 172.21.45.130, 10.234.18.153;Vmxnet3;Production AD, Production DI2, Production PR;opsidwup5esx8a.bagnolet.francetelecom.fr;HostSystem-host-349;CLOAUBSIDWUP05;opsidiasaubvc01-adm.bagnolet.francetelecom.fr
opwarmmws1a;PoweredOn;USSO - ARC - MM;10.234.107.9, 10.234.183.1, 172.21.45.205;10.234.183.0/25 172.21.45.0/24 10.234.107.0/24;00:50:56:90:42:ec, 00:50:56:90:42:ed, 00:50:56:90:42:ee;10.234.107.254, 10.234.183.126;3;172.21.45.129, 172.21.45.130, 10.234.18.153;Vmxnet3;Production AD, Production DI2, Production PR;opsidwup5esx8a.bagnolet.francetelecom.fr;HostSystem-host-349;CLOAUBSIDWUP05;opsidiasaubvc01-adm.bagnolet.francetelecom.fr
opwupfrpriv1a;PoweredOn;USSO - WASPRIV - FR;10.111.98.100, 10.107.30.100, 10.77.130.100;10.77.130.0/23 10.107.30.0/23 10.111.98.0/23;00:50:56:90:30:9b, 00:50:56:90:30:9c, 00:50:56:90:30:9d;10.77.131.254, 10.111.99.254, 10.107.31.254;3;10.77.130.11, 10.77.130.12, 10.114.134.61;Vmxnet3;VM ADM 1455, VM PRI 1276, VM PRV 1812;opsidwup5esx16a.bagnolet.francetelecom.fr;HostSystem-host-356;CLOAUBSIDWUP05;opsidiasaubvc01-adm.bagnolet.francetelecom.fr
opwtrwtpriv5a;PoweredOn;USSO - WT;10.111.98.186, 10.117.11.133, 10.77.130.47;10.77.130.0/23 10.111.98.0/23;00:50:56:90:4c:eb, 00:50:56:90:4c:ec, 00:50:56:90:4c:ed;10.111.99.254, 10.117.11.190;3;10.77.130.12, 10.77.130.11, 10.114.138.89;Vmxnet3;VM ADM 1455, VM PRI 1277, VM PRV 1812;opsidwup5esx15a.bagnolet.francetelecom.fr;HostSystem-host-362;CLOAUBSIDWUP05;opsidiasaubvc01-adm.bagnolet.francetelecom.fr
opsahfrws1a;PoweredOn;USSO - SAID - FR;10.111.98.180, 10.107.30.30, 10.77.130.30;10.77.130.0/23 10.107.30.0/23 10.111.98.0/23;00:50:56:90:4d:37, 00:50:56:90:4d:38, 00:50:56:90:4d:39;10.77.131.254, 10.111.99.254, 10.107.31.254;3;10.77.130.12, 10.77.130.11, 10.114.138.89;Vmxnet3;VM ADM 1455, VM PRI 1276, VM PRV 1812;opsidwup5esx11a.bagnolet.francetelecom.fr;HostSystem-host-367;CLOAUBSIDWUP05;opsidiasaubvc01-adm.bagnolet.francetelecom.fr
opwupfrpriv31a;PoweredOn;USSO - WASPRIV - FR;10.111.98.130, 10.107.30.130, 10.77.130.130;10.77.130.0/23 10.107.30.0/23 10.111.98.0/23;00:50:56:90:30:f8, 00:50:56:90:30:f9, 00:50:56:90:30:fa;10.77.131.254, 10.111.99.254, 10.107.31.254;3;10.77.130.11, 10.77.130.12, 10.114.134.61;Vmxnet3;VM ADM 1455, VM PRI 1276, VM PRV 1812;opsidwup5esx11a.bagnolet.francetelecom.fr;HostSystem-host-367;CLOAUBSIDWUP05;opsidiasaubvc01-adm.bagnolet.francetelecom.fr
opwtrwtpriv1a;PoweredOn;USSO - WT;10.111.98.182, 10.117.11.129, 10.77.130.43;10.77.130.0/23 10.111.98.0/23;00:50:56:90:4c:d7, 00:50:56:90:4c:d8, 00:50:56:90:4c:d9;10.111.99.254, 10.117.11.190;3;10.77.130.11, 10.77.130.12, 10.114.134.61;Vmxnet3;VM ADM 1455, VM PRI 1277, VM PRV 1812;opsidwup5esx11a.bagnolet.francetelecom.fr;HostSystem-host-367;CLOAUBSIDWUP05;opsidiasaubvc01-adm.bagnolet.francetelecom.fr
opsmqwas01a;PoweredOn;vm;10.111.99.41, 10.107.30.141, 10.77.131.141;10.107.30.0/23;00:50:56:ba:38:ae, 00:50:56:ba:68:35, 00:50:56:ba:1f:9c;10.107.31.254, 10.111.99.254;3;10.77.130.11, 10.77.130.12, 10.114.134.61;Vmxnet3;VM ADM 1455, VM PRI 1276, VM PRV 1812;opsidwup5esx11a.bagnolet.francetelecom.fr;HostSystem-host-367;CLOAUBSIDWUP05;opsidiasaubvc01-adm.bagnolet.francetelecom.fr
id-mm-access-dbr1-a;PoweredOn;USSO - ORANGE OUT - MM;10.234.107.245, 10.234.96.189, 172.21.45.186;10.234.96.0/26 172.21.45.0/24 10.234.107.0/24;00:50:56:b2:64:f6, 00:50:56:b2:4e:e5, 00:50:56:b2:45:4a, 00:50:56:b2:6e:ed;10.234.107.254, 10.234.96.160;4;172.21.45.129, 172.21.45.130, 10.234.18.153;e1000;Production AD, Production DE, Production DI, Production PR;opsidwup5esx13a.bagnolet.francetelecom.fr;HostSystem-host-374;CLOAUBSIDWUP05;opsidiasaubvc01-adm.bagnolet.francetelecom.fr
opwtrwtpriv9a;PoweredOn;USSO - WT;10.111.98.190, 10.117.11.137, 10.77.130.51;10.77.130.0/23 10.111.98.0/23;00:50:56:90:4c:f7, 00:50:56:90:4c:f8, 00:50:56:90:4c:f9;10.111.99.254, 10.117.11.190;3;10.77.130.11, 10.77.130.12, 10.114.134.61;Vmxnet3;VM ADM 1455, VM PRI 1277, VM PRV 1812;opsidwup5esx13a.bagnolet.francetelecom.fr;HostSystem-host-374;CLOAUBSIDWUP05;opsidiasaubvc01-adm.bagnolet.francetelecom.fr
opwupfrpriv17a;PoweredOn;USSO - WASPRIV - FR;10.111.98.116, 10.107.30.116, 10.77.130.116;10.77.130.0/23 10.107.30.0/23 10.111.98.0/23;00:50:56:90:30:cb, 00:50:56:90:30:cc, 00:50:56:90:30:cd;10.77.131.254, 10.111.99.254, 10.107.31.254;3;10.77.130.11, 10.77.130.12, 10.114.134.61;Vmxnet3;VM ADM 1455, VM PRI 1276, VM PRV 1812;opsidwup5esx13a.bagnolet.francetelecom.fr;HostSystem-host-374;CLOAUBSIDWUP05;opsidiasaubvc01-adm.bagnolet.francetelecom.fr
opwupfrpriv21a;PoweredOn;USSO - WASPRIV - FR;10.111.98.120, 10.107.30.120, 10.77.130.120;10.77.130.0/23 10.107.30.0/23 10.111.98.0/23;00:50:56:90:30:d7, 00:50:56:90:30:d8, 00:50:56:90:30:d9;10.77.131.254, 10.111.99.254, 10.107.31.254;3;10.77.130.11, 10.77.130.12, 10.114.134.61;Vmxnet3;VM ADM 1455, VM PRI 1276, VM PRV 1812;opsidwup5esx13a.bagnolet.francetelecom.fr;HostSystem-host-374;CLOAUBSIDWUP05;opsidiasaubvc01-adm.bagnolet.francetelecom.fr
opevgfrws03a;PoweredOn;USSO - EVENT MANAGER - FR;10.111.98.210, 10.107.30.48, 10.77.130.59;10.77.130.0/23 10.107.30.0/23 10.111.98.0/23;00:50:56:8d:ce:ae, 00:50:56:8d:44:70, 00:50:56:8d:8f:2e;10.107.31.254, 10.111.99.254;3;10.77.130.11, 10.77.130.12, 10.234.18.153;Vmxnet3;VM ADM 1455, VM PRI 1276, VM PRV 1812;opsidwup5esx14a.bagnolet.francetelecom.fr;HostSystem-host-380;CLOAUBSIDWUP05;opsidiasaubvc01-adm.bagnolet.francetelecom.fr
opwarmmdbc3a;PoweredOn;USSO - ARC - MM;10.234.107.222, 10.234.183.12, 172.21.45.216;10.234.183.0/25 172.21.45.0/24 10.234.107.0/24;00:50:56:90:43:31, 00:50:56:90:43:32, 00:50:56:90:43:33;10.234.107.254, 10.234.183.126;3;172.21.45.129, 172.21.45.130, 10.234.18.153;Vmxnet3;Production AD, Production DI2, Production PR;opsidwup5esx14a.bagnolet.francetelecom.fr;HostSystem-host-380;CLOAUBSIDWUP05;opsidiasaubvc01-adm.bagnolet.francetelecom.fr
opwarmmarcdb1a;PoweredOn;USSO - ARC - MM;10.234.107.159, 10.234.183.14, 172.21.45.218;10.234.183.0/25 172.21.45.0/24 10.234.107.0/24;00:50:56:90:0d:c9, 00:50:56:90:0d:ca, 00:50:56:90:0d:cb;10.234.107.254, 10.234.183.126;3;172.21.45.129, 172.21.45.130, 10.234.18.153;Vmxnet3;Production AD, Production DI2, Production PR;opsidwup5esx14a.bagnolet.francetelecom.fr;HostSystem-host-380;CLOAUBSIDWUP05;opsidiasaubvc01-adm.bagnolet.francetelecom.fr
opwupfrpriv9a;PoweredOn;USSO - WASPRIV - FR;10.111.98.108, 10.107.30.108, 10.77.130.108;10.77.130.0/23 10.107.30.0/23 10.111.98.0/23;00:50:56:90:31:16, 00:50:56:90:31:17, 00:50:56:90:31:18;10.77.131.254, 10.111.99.254, 10.107.31.254;3;10.77.130.11, 10.77.130.12, 10.114.134.61;Vmxnet3;VM ADM 1455, VM PRI 1276, VM PRV 1812;opsidwup5esx14a.bagnolet.francetelecom.fr;HostSystem-host-380;CLOAUBSIDWUP05;opsidiasaubvc01-adm.bagnolet.francetelecom.fr
id-mm-out-dbc1-a;PoweredOn;USSO - ORANGE OUT - MM;10.234.107.243, 10.234.96.187, 172.21.45.184;10.234.96.0/26 172.21.45.0/24 10.234.107.0/24;00:50:56:b2:47:5b, 00:50:56:b2:7d:44, 00:50:56:b2:73:9f, 00:50:56:b2:77:48;10.234.107.254, 10.234.96.160;4;172.21.45.129, 172.21.45.130, 10.234.18.153;e1000;Production AD, Production DE, Production DI, Production PR;opsidwup5esx7a.bagnolet.francetelecom.fr;HostSystem-host-385;CLOAUBSIDWUP05;opsidiasaubvc01-adm.bagnolet.francetelecom.fr
opwarmmdbr1a;PoweredOn;USSO - ARC - MM;10.234.107.229, 10.234.183.9, 172.21.45.213;10.234.183.0/25 172.21.45.0/24 10.234.107.0/24;00:50:56:90:43:28, 00:50:56:90:43:29, 00:50:56:90:43:2a;10.234.107.254, 10.234.183.126;3;172.21.45.129, 172.21.45.130, 10.234.18.153;Vmxnet3;Production AD, Production DI2, Production PR;opsidwup5esx7a.bagnolet.francetelecom.fr;HostSystem-host-385;CLOAUBSIDWUP05;opsidiasaubvc01-adm.bagnolet.francetelecom.fr
opwupfrpriv27a;PoweredOn;USSO - WASPRIV - FR;10.111.98.126, 10.107.30.126, 10.77.130.126;10.77.130.0/23 10.107.30.0/23 10.111.98.0/23;00:50:56:90:30:ec, 00:50:56:90:30:ed, 00:50:56:90:30:ee;10.77.131.254, 10.111.99.254, 10.107.31.254;3;10.77.130.11, 10.77.130.12, 10.114.134.61;Vmxnet3;VM ADM 1455, VM PRI 1276, VM PRV 1812;opsidwup5esx1a.bagnolet.francetelecom.fr;HostSystem-host-395;CLOAUBSIDWUP05;opsidiasaubvc01-adm.bagnolet.francetelecom.fr
opwtrwtpriv7a;PoweredOn;USSO - WT;10.111.98.188, 10.117.11.135, 10.77.130.49;10.77.130.0/23 10.111.98.0/23;00:50:56:90:4c:f1, 00:50:56:90:4c:f2, 00:50:56:90:4c:f3;10.111.99.254, 10.117.11.190;3;10.77.130.11, 10.77.130.12, 10.114.134.61;Vmxnet3;VM ADM 1455, VM PRI 1277, VM PRV 1812;opsidwup5esx1a.bagnolet.francetelecom.fr;HostSystem-host-395;CLOAUBSIDWUP05;opsidiasaubvc01-adm.bagnolet.francetelecom.fr
opwarmmws7a;PoweredOn;USSO - ARC - MM;10.234.107.47, 10.234.183.7, 172.21.45.211;10.234.183.0/25 172.21.45.0/24 10.234.107.0/24;00:50:56:90:43:22, 00:50:56:90:43:23, 00:50:56:90:43:24;10.234.107.254, 10.234.183.126;3;172.21.45.129, 172.21.45.130, 10.234.18.153;Vmxnet3;Production AD, Production DI2, Production PR;opsidwup5esx1a.bagnolet.francetelecom.fr;HostSystem-host-395;CLOAUBSIDWUP05;opsidiasaubvc01-adm.bagnolet.francetelecom.fr
opwupfrpriv3a;PoweredOn;USSO - WASPRIV - FR;10.111.98.102, 10.107.30.102, 10.77.130.102;10.77.130.0/23 10.107.30.0/23 10.111.98.0/23;00:50:56:90:30:a1, 00:50:56:90:30:a2, 00:50:56:90:30:a3;10.77.131.254, 10.111.99.254, 10.107.31.254;3;10.77.130.11, 10.77.130.12, 10.114.134.61;Vmxnet3;VM ADM 1455, VM PRI 1276, VM PRV 1812;opsidwup5esx1a.bagnolet.francetelecom.fr;HostSystem-host-395;CLOAUBSIDWUP05;opsidiasaubvc01-adm.bagnolet.francetelecom.fr
id-mm-auth-serv1-a;PoweredOn;USSO - ORANGE OUT - MM;10.234.107.247, 10.234.96.191, 172.21.45.188;10.234.96.0/26 172.21.45.0/24 10.234.107.0/24;00:50:56:b2:12:bf, 00:50:56:b2:22:ab, 00:50:56:b2:33:0d, 00:50:56:b2:08:9d;10.234.107.254, 10.234.96.160;4;172.21.45.129, 172.21.45.130, 10.234.18.153;e1000;Production AD, Production DE, Production DI, Production PR;opsidwup5esx1a.bagnolet.francetelecom.fr;HostSystem-host-395;CLOAUBSIDWUP05;opsidiasaubvc01-adm.bagnolet.francetelecom.fr
opwupfrpriv13a;PoweredOn;USSO - WASPRIV - FR;10.111.98.112, 10.107.30.112, 10.77.130.112;10.77.130.0/23 10.107.30.0/23 10.111.98.0/23;00:50:56:90:31:19, 00:50:56:90:31:1a, 00:50:56:90:31:1b;10.77.131.254, 10.111.99.254, 10.107.31.254;3;10.77.130.11, 10.77.130.12, 10.114.134.61;Vmxnet3;VM ADM 1455, VM PRI 1276, VM PRV 1812;opsidwup5esx10a.bagnolet.francetelecom.fr;HostSystem-host-400;CLOAUBSIDWUP05;opsidiasaubvc01-adm.bagnolet.francetelecom.fr
opeuifrevtfdb3a;PoweredOn;EUI - BLACKLIST - FR;10.111.98.63, 10.107.30.6, 10.77.130.6;10.77.130.0/23 10.107.30.0/23 10.111.98.0/23;00:50:56:90:78:7d, 00:50:56:90:78:7e, 00:50:56:90:78:7f;10.111.99.254, 10.107.31.254;3;10.77.130.11, 10.77.130.12, 10.114.134.61;Vmxnet3;VM ADM 1455, VM PRI 1276, VM PRV 1812;opsidwup5esx10a.bagnolet.francetelecom.fr;HostSystem-host-400;CLOAUBSIDWUP05;opsidiasaubvc01-adm.bagnolet.francetelecom.fr
uaeuifrevtfdb1a;PoweredOn;EUI - BLACKLIST - FR;10.111.98.66, 10.107.30.9, 10.77.130.9;10.77.130.0/23 10.107.30.0/23 10.111.98.0/23;00:50:56:90:78:62, 00:50:56:90:78:63, 00:50:56:90:78:64;10.111.99.254, 10.107.31.254;3;10.77.130.11, 10.77.130.12, 10.114.134.61;Vmxnet3;VM ADM 1455, VM PRI 1276, VM PRV 1812;opsidwup5esx10a.bagnolet.francetelecom.fr;HostSystem-host-400;CLOAUBSIDWUP05;opsidiasaubvc01-adm.bagnolet.francetelecom.fr
id-mm-out-enrol1-a;PoweredOn;USSO - ORANGE OUT - MM;10.234.107.236, 10.234.96.182, 172.21.45.179;10.234.96.0/26 172.21.45.0/24 10.234.107.0/24;00:50:56:b2:63:00, 00:50:56:b2:40:2c, 00:50:56:b2:12:38, 00:50:56:b2:37:f1;10.234.107.254, 10.234.96.160;4;172.21.45.129, 172.21.45.130, 10.234.18.153;e1000;Production AD, Production DE, Production DI, Production PR;opsidwup5esx10a.bagnolet.francetelecom.fr;HostSystem-host-400;CLOAUBSIDWUP05;opsidiasaubvc01-adm.bagnolet.francetelecom.fr
id-mm-was-priv1-a;PoweredOn;USSO - WASPRIV - MM;10.234.107.195, fe80::250:56ff:fea4:216b, 10.234.96.141, fe80::250:56ff:fea4:42b6, 172.21.45.166, fe80::250:56ff:fea4:3080;10.234.96.0/26 172.21.45.0/24;00:50:56:a4:21:6b, 00:50:56:a4:53:46, 00:50:56:a4:42:b6, 00:50:56:a4:30:80;10.234.107.254, 10.234.96.160;4;172.21.45.129, 172.21.45.130, 10.234.18.153;Flexible;Production AD, Production DE, Production DI, Production PR;opsidwup5esx10a.bagnolet.francetelecom.fr;HostSystem-host-400;CLOAUBSIDWUP05;opsidiasaubvc01-adm.bagnolet.francetelecom.fr
opwupfrpriv7a;PoweredOn;USSO - WASPRIV - FR;10.111.98.106, 10.107.30.106, 10.77.130.106;10.77.130.0/23 10.107.30.0/23 10.111.98.0/23;00:50:56:90:30:ad, 00:50:56:90:30:ae, 00:50:56:90:30:af;10.77.131.254, 10.111.99.254, 10.107.31.254;3;10.77.130.11, 10.77.130.12, 10.114.134.61;Vmxnet3;VM ADM 1455, VM PRI 1276, VM PRV 1812;opsidwup5esx10a.bagnolet.francetelecom.fr;HostSystem-host-400;CLOAUBSIDWUP05;opsidiasaubvc01-adm.bagnolet.francetelecom.fr
opsmqwas04a;PoweredOn;vm;10.111.99.44, 10.107.30.144, 10.77.131.144;10.107.30.0/23;00:50:56:ba:3e:d5, 00:50:56:ba:d9:53, 00:50:56:ba:77:35;10.107.31.254, 10.111.99.254;3;10.77.130.11, 10.77.130.12, 10.114.134.61;Vmxnet3;VM ADM 1455, VM PRI 1276, VM PRV 1812;opsidwup5esx10a.bagnolet.francetelecom.fr;HostSystem-host-400;CLOAUBSIDWUP05;opsidiasaubvc01-adm.bagnolet.francetelecom.fr
id-fr-evntdb-db1-a;PoweredOn;EUI - BLACKLIST - FR;10.234.107.192, 10.234.96.241, 172.21.45.204;10.234.96.0/26 172.21.45.0/24 10.234.107.0/24;00:50:56:b2:31:f8, 00:50:56:b2:11:82, 00:50:56:b2:4d:1a, 00:50:56:b2:51:73;10.234.107.254, 10.234.96.160;4;10.98.198.209, 10.98.149.201, 10.98.91.71;e1000;Production AD, Production DE, Production DI, Production PR;opsidwup5esx10a.bagnolet.francetelecom.fr;HostSystem-host-400;CLOAUBSIDWUP05;opsidiasaubvc01-adm.bagnolet.francetelecom.fr
opwarmmws5a;PoweredOn;USSO - ARC - MM;10.234.107.37, 10.234.183.5, 172.21.45.209;10.234.183.0/25 172.21.45.0/24 10.234.107.0/24;00:50:56:90:43:1c, 00:50:56:90:43:1d, 00:50:56:90:43:1e;10.234.107.254, 10.234.183.126;3;172.21.45.129, 172.21.45.130, 10.234.18.153;Vmxnet3;Production AD, Production DI2, Production PR;opsidwup5esx9a.bagnolet.francetelecom.fr;HostSystem-host-408;CLOAUBSIDWUP05;opsidiasaubvc01-adm.bagnolet.francetelecom.fr
id-mm-openid1-a;PoweredOn;USSO - ORANGE OUT - MM;10.234.107.238, 10.234.96.184, 172.21.45.181;10.234.96.0/26 172.21.45.0/24 10.234.107.0/24;00:50:56:b2:79:97, 00:50:56:b2:3e:da, 00:50:56:b2:2c:eb, 00:50:56:b2:26:0c;10.234.107.254, 10.234.96.160;4;172.21.45.129, 172.21.45.130, 10.234.18.153;e1000;Production AD, Production DE, Production DI, Production PR;opsidwup5esx9a.bagnolet.francetelecom.fr;HostSystem-host-408;CLOAUBSIDWUP05;opsidiasaubvc01-adm.bagnolet.francetelecom.fr
opwupfrpriv11a;PoweredOn;USSO - WASPRIV - FR;10.111.98.110, 10.107.30.110, 10.77.130.110;10.77.130.0/23 10.107.30.0/23 10.111.98.0/23;00:50:56:90:30:b9, 00:50:56:90:30:ba, 00:50:56:90:30:bb;10.77.131.254, 10.111.99.254, 10.107.31.254;3;10.77.130.11, 10.77.130.12, 10.114.134.61;Vmxnet3;VM ADM 1455, VM PRI 1276, VM PRV 1812;opsidwup5esx9a.bagnolet.francetelecom.fr;HostSystem-host-408;CLOAUBSIDWUP05;opsidiasaubvc01-adm.bagnolet.francetelecom.fr
opsmqwas02a;PoweredOn;vm;10.111.99.42, 10.107.30.142, 10.77.131.142;10.107.30.0/23;00:50:56:ba:aa:88, 00:50:56:ba:d9:a4, 00:50:56:ba:fa:5a;10.107.31.254, 10.111.99.254;3;10.77.130.11, 10.77.130.12, 10.114.134.61;Vmxnet3;VM ADM 1455, VM PRI 1276, VM PRV 1812;opsidwup5esx9a.bagnolet.francetelecom.fr;HostSystem-host-408;CLOAUBSIDWUP05;opsidiasaubvc01-adm.bagnolet.francetelecom.fr
opeuifrfevtdb1a;PoweredOn;EUI - BLACKLIST - FR;10.234.107.227, 10.234.96.228, 172.21.45.48;10.234.96.0/26 172.21.45.0/24 10.234.107.0/24;00:50:56:b2:09:e7, 00:50:56:b2:7d:47, 00:50:56:b2:3f:bc;10.234.107.254, 10.234.96.160;3;172.21.45.129, 172.21.45.130, 10.234.18.153;EnhancedVmxnet;Production AD, Production DI, Production PR;opsidwup5esx9a.bagnolet.francetelecom.fr;HostSystem-host-408;CLOAUBSIDWUP05;opsidiasaubvc01-adm.bagnolet.francetelecom.fr
opwupfrpriv23a;PoweredOn;USSO - WASPRIV - FR;10.111.98.122, 10.107.30.122, 10.77.130.122;10.77.130.0/23 10.107.30.0/23 10.111.98.0/23;00:50:56:90:30:dd, 00:50:56:90:30:de, 00:50:56:90:30:df;10.77.131.254, 10.111.99.254, 10.107.31.254;3;10.77.130.11, 10.77.130.12, 10.114.134.61;Vmxnet3;VM ADM 1455, VM PRI 1276, VM PRV 1812;opsidwup5esx9a.bagnolet.francetelecom.fr;HostSystem-host-408;CLOAUBSIDWUP05;opsidiasaubvc01-adm.bagnolet.francetelecom.fr
uaeuifrevtfws1a;PoweredOn;EUI - BLACKLIST - FR;10.111.98.65, 10.107.30.8, 10.77.130.8;10.77.130.0/23 10.107.30.0/23 10.111.98.0/23;00:50:56:90:78:5f, 00:50:56:90:78:60, 00:50:56:90:78:61;10.111.99.254, 10.107.31.254;3;10.77.130.11, 10.77.130.12, 10.114.134.61;Vmxnet3;VM ADM 1455, VM PRI 1276, VM PRV 1812;opsidwup5esx9a.bagnolet.francetelecom.fr;HostSystem-host-408;CLOAUBSIDWUP05;opsidiasaubvc01-adm.bagnolet.francetelecom.fr
opevgfrdb01a;PoweredOn;USSO - EVENT MANAGER - FR;10.111.98.205, 10.107.30.43, 10.77.130.54;10.77.130.0/23 10.107.30.0/23 10.111.98.0/23;00:50:56:8d:44:3b, 00:50:56:8d:74:63, 00:50:56:8d:f8:74;10.107.31.254, 10.111.99.254;3;10.77.130.11, 10.77.130.12, 10.234.18.153;Vmxnet3;VM ADM 1455, VM PRI 1276, VM PRV 1812;opsidwup5esx3a.bagnolet.francetelecom.fr;HostSystem-host-415;CLOAUBSIDWUP05;opsidiasaubvc01-adm.bagnolet.francetelecom.fr
opwupfrpriv37a;PoweredOn;USSO - WASPRIV - FR;10.111.98.136, 10.107.30.136, 10.77.130.136;10.77.130.0/23 10.107.30.0/23 10.111.98.0/23;00:50:56:90:31:0a, 00:50:56:90:31:0b, 00:50:56:90:31:0c;10.77.131.254, 10.111.99.254, 10.107.31.254;3;10.77.130.11, 10.77.130.12, 10.114.134.61;Vmxnet3;VM ADM 1455, VM PRI 1276, VM PRV 1812;opsidwup5esx3a.bagnolet.francetelecom.fr;HostSystem-host-415;CLOAUBSIDWUP05;opsidiasaubvc01-adm.bagnolet.francetelecom.fr
opwupfrpriv19a;PoweredOn;USSO - WASPRIV - FR;10.111.98.118, 10.107.30.118, 10.77.130.118;10.77.130.0/23 10.107.30.0/23 10.111.98.0/23;00:50:56:90:30:d1, 00:50:56:90:30:d2, 00:50:56:90:30:d3;10.77.131.254, 10.111.99.254, 10.107.31.254;3;10.77.130.11, 10.77.130.12, 10.114.134.61;Vmxnet3;VM ADM 1455, VM PRI 1276, VM PRV 1812;opsidwup5esx2a.bagnolet.francetelecom.fr;HostSystem-host-421;CLOAUBSIDWUP05;opsidiasaubvc01-adm.bagnolet.francetelecom.fr
id-mm-access-dbc1-a;PoweredOn;USSO - ORANGE OUT - MM;10.234.107.246, 10.234.96.190, 172.21.45.187;10.234.96.0/26 172.21.45.0/24 10.234.107.0/24;00:50:56:b2:73:20, 00:50:56:b2:6a:16, 00:50:56:b2:37:c9, 00:50:56:b2:67:f8;10.234.107.254, 10.234.96.160;4;172.21.45.129, 172.21.45.130, 10.234.18.153;e1000;Production AD, Production DE, Production DI, Production PR;opsidwup5esx2a.bagnolet.francetelecom.fr;HostSystem-host-421;CLOAUBSIDWUP05;opsidiasaubvc01-adm.bagnolet.francetelecom.fr
id-fr-formpriv1-a;PoweredOn;EUI - FORMULAIRE MOBILE - FR;10.234.107.220, 10.234.96.214, 172.21.45.158;10.234.96.0/26;00:50:56:a4:5b:3e, 00:50:56:a4:33:4e, 00:50:56:a4:69:fc, 00:50:56:a4:50:cb;172.21.45.250, 172.21.45.158, 10.234.107.254, 10.234.96.160;4;10.98.198.209, 10.98.149.201, 10.98.91.71;e1000;Production AD, Production DE, Production DI, Production PR;opsidwup5esx2a.bagnolet.francetelecom.fr;HostSystem-host-421;CLOAUBSIDWUP05;opsidiasaubvc01-adm.bagnolet.francetelecom.fr
id-mm-was-priv3-a;PoweredOn;USSO - WASPRIV - MM;10.234.107.197, fe80::250:56ff:fea4:678a, 10.234.96.143, fe80::250:56ff:fea4:3012, 172.21.45.168, fe80::250:56ff:fea4:5e15;10.234.96.0/26 172.21.45.0/24;00:50:56:a4:67:8a, 00:50:56:a4:72:5f, 00:50:56:a4:30:12, 00:50:56:a4:5e:15;10.234.107.254, 10.234.96.160;4;172.21.45.129, 172.21.45.130, 10.234.18.153;Flexible;Production AD, Production DE, Production DI, Production PR;opsidwup5esx2a.bagnolet.francetelecom.fr;HostSystem-host-421;CLOAUBSIDWUP05;opsidiasaubvc01-adm.bagnolet.francetelecom.fr
id-fr-evntdb-ws1-a;PoweredOn;EUI - BLACKLIST - FR;10.234.107.190, 10.234.96.239, 172.21.45.202;10.234.96.0/26 172.21.45.0/24 10.234.107.0/24;00:50:56:b2:36:a4, 00:50:56:b2:0d:82, 00:50:56:b2:7e:07, 00:50:56:b2:2c:07;10.234.107.254, 10.234.96.160;4;10.98.198.209, 10.98.149.201, 10.98.91.71;e1000;Production AD, Production DE, Production DI, Production PR;opsidwup5esx2a.bagnolet.francetelecom.fr;HostSystem-host-421;CLOAUBSIDWUP05;opsidiasaubvc01-adm.bagnolet.francetelecom.fr
id-wupp-dns1-a;PoweredOn;SOCLE IDENTITE - EXPLOITATION;10.111.98.57, 10.234.107.129, 10.234.96.147, 172.21.45.129;10.234.96.0/26 172.21.45.0/24 10.234.107.0/24 10.111.98.0/23;00:50:56:a4:62:29, 00:50:56:a4:23:1f, 00:50:56:a4:76:48, 00:50:56:a4:3d:b7, 00:50:56:90:0d:ce, 00:50:56:90:76:a7;10.234.107.254, 10.234.96.160;6;127.0.0.1, 10.234.18.152, 10.234.18.153;e1000, Vmxnet3;Production AD, Production DE, Production DI, Production PR, VM ADM 1455, VM PRV 1812;opsidwup5esx4a.bagnolet.francetelecom.fr;HostSystem-host-430;CLOAUBSIDWUP05;opsidiasaubvc01-adm.bagnolet.francetelecom.fr
opsiddnswupp1a;PoweredOn;SOCLE IDENTITE - EXPLOITATION;10.111.98.68, 10.107.30.11, 10.77.130.11;10.77.130.0/23 10.107.30.0/23 10.111.98.0/23;00:50:56:90:76:b6, 00:50:56:90:76:b7, 00:50:56:90:76:b8;10.107.31.254, 10.111.99.254;3;10.77.130.11, 10.77.130.12, 10.114.138.89;Vmxnet3;VM ADM 1455, VM PRI 1276, VM PRV 1812;opsidwup5esx4a.bagnolet.francetelecom.fr;HostSystem-host-430;CLOAUBSIDWUP05;opsidiasaubvc01-adm.bagnolet.francetelecom.fr
opsmqwas03a;PoweredOn;vm;10.111.99.43, 10.107.30.143, 10.77.131.143;10.107.30.0/23;00:50:56:ba:8b:6b, 00:50:56:ba:2a:2c, 00:50:56:ba:b9:53;10.107.31.254, 10.111.99.254;3;10.77.130.11, 10.77.130.12, 10.114.134.61;Vmxnet3;VM ADM 1455, VM PRI 1276, VM PRV 1812;opsidwup5esx4a.bagnolet.francetelecom.fr;HostSystem-host-430;CLOAUBSIDWUP05;opsidiasaubvc01-adm.bagnolet.francetelecom.fr
opevgfrws01a;PoweredOn;USSO - EVENT MANAGER - FR;10.111.98.208, 10.107.30.46, 10.77.130.57;10.77.130.0/23 10.107.30.0/23 10.111.98.0/23;00:50:56:8d:2e:f1, 00:50:56:8d:d1:ce, 00:50:56:8d:08:57;10.107.31.254, 10.111.99.254;3;10.77.130.11, 10.77.130.12, 10.234.18.153;Vmxnet3;VM ADM 1455, VM PRI 1276, VM PRV 1812;opsidwup5esx4a.bagnolet.francetelecom.fr;HostSystem-host-430;CLOAUBSIDWUP05;opsidiasaubvc01-adm.bagnolet.francetelecom.fr
opwupfrpriv33a;PoweredOn;USSO - WASPRIV - FR;10.111.98.132, 10.107.30.132, 10.77.130.132;10.77.130.0/23 10.107.30.0/23 10.111.98.0/23;00:50:56:90:31:22, 00:50:56:90:31:23, 00:50:56:90:31:24;10.77.131.254, 10.111.99.254, 10.107.31.254;3;10.77.130.11, 10.77.130.12, 10.114.134.61;Vmxnet3;VM ADM 1455, VM PRI 1276, VM PRV 1812;opsidwup5esx4a.bagnolet.francetelecom.fr;HostSystem-host-430;CLOAUBSIDWUP05;opsidiasaubvc01-adm.bagnolet.francetelecom.fr
opwarmmws3a;PoweredOn;USSO - ARC - MM;10.234.107.15, 10.234.183.3, 172.21.45.207;10.234.183.0/25 172.21.45.0/24 10.234.107.0/24;00:50:56:90:43:16, 00:50:56:90:43:17, 00:50:56:90:43:18;10.234.107.254, 10.234.183.126;3;172.21.45.129, 172.21.45.130, 10.234.18.153;Vmxnet3;Production AD, Production DI2, Production PR;opsidwup5esx4a.bagnolet.francetelecom.fr;HostSystem-host-430;CLOAUBSIDWUP05;opsidiasaubvc01-adm.bagnolet.francetelecom.fr
opeuifrscrprv1a;PoweredOn;EUI - SELFCARE PRIVE - FR;10.234.107.233, 10.234.96.232, 172.21.45.66;10.234.96.0/26 172.21.45.0/24 10.234.107.0/24;00:50:56:b2:1d:ea, 00:50:56:b2:0c:f3, 00:50:56:b2:42:15;10.234.107.254, 10.234.96.160;3;172.21.45.129, 172.21.45.130, 10.234.18.153;EnhancedVmxnet;Production AD, Production DI, Production PR;opsidwup5esx6a.bagnolet.francetelecom.fr;HostSystem-host-436;CLOAUBSIDWUP05;opsidiasaubvc01-adm.bagnolet.francetelecom.fr
opsahfrws3a;PoweredOn;USSO - SAID - FR;10.111.98.200, 10.107.30.28, 10.77.130.28;10.77.130.0/23 10.107.30.0/23 10.111.98.0/23;00:50:56:8d:74:7f, 00:50:56:8d:84:29, 00:50:56:8d:57:4d;10.77.131.254, 10.111.99.254, 10.107.31.254;3;10.77.130.12, 10.77.130.11, 10.114.138.89;Vmxnet3;VM ADM 1455, VM PRI 1276, VM PRV 1812;opsidwup5esx6a.bagnolet.francetelecom.fr;HostSystem-host-436;CLOAUBSIDWUP05;opsidiasaubvc01-adm.bagnolet.francetelecom.fr
opwupfrpriv25a;PoweredOn;USSO - WASPRIV - FR;10.111.98.124, 10.107.30.124, 10.77.130.124;10.77.130.0/23 10.107.30.0/23 10.111.98.0/23;00:50:56:90:30:e3, 00:50:56:90:30:e4, 00:50:56:90:30:e5;10.77.131.254, 10.111.99.254, 10.107.31.254;3;10.77.130.11, 10.77.130.12, 10.114.134.61;Vmxnet3;VM ADM 1455, VM PRI 1276, VM PRV 1812;opsidwup5esx6a.bagnolet.francetelecom.fr;HostSystem-host-436;CLOAUBSIDWUP05;opsidiasaubvc01-adm.bagnolet.francetelecom.fr
id-fr-lock-db1-a;PoweredOn;EUI - IDENTITY LOCKER - FR;10.234.107.208, 10.234.96.212, 172.21.45.195;10.234.96.0/26 172.21.45.0/24 10.234.107.0/24;00:50:56:b2:47:5c, 00:50:56:b2:21:90, 00:50:56:b2:03:30, 00:50:56:b2:03:e3;10.234.107.254, 10.234.96.160;4;10.98.198.209, 10.98.149.201, 10.98.91.71;e1000;Production AD, Production DE, Production DI, Production PR;opsidwup5esx6a.bagnolet.francetelecom.fr;HostSystem-host-436;CLOAUBSIDWUP05;opsidiasaubvc01-adm.bagnolet.francetelecom.fr
opeuifrblmws1a;PoweredOn;EUI - BLACKLIST - FR;10.111.98.199, 10.107.30.32, 10.77.130.24;10.77.130.0/23 10.107.30.0/23 10.111.98.0/23;00:50:56:90:0f:32, 00:50:56:90:0f:33, 00:50:56:90:0f:34;10.77.131.254, 10.111.99.254, 10.107.31.254;3;10.77.130.11, 10.77.130.12, 10.98.198.209;Vmxnet3;VM ADM 1455, VM PRI 1276, VM PRV 1812;opsidwup5esx6a.bagnolet.francetelecom.fr;HostSystem-host-436;CLOAUBSIDWUP05;opsidiasaubvc01-adm.bagnolet.francetelecom.fr
opwupfrpriv29a;PoweredOn;USSO - WASPRIV - FR;10.111.98.128, 10.107.30.128, 10.77.130.128;10.77.130.0/23 10.107.30.0/23 10.111.98.0/23;00:50:56:90:30:f2, 00:50:56:90:30:f3, 00:50:56:90:30:f4;10.77.131.254, 10.111.99.254, 10.107.31.254;3;10.77.130.11, 10.77.130.12, 10.114.134.61;Vmxnet3;VM ADM 1455, VM PRI 1276, VM PRV 1812;opsidwup5esx6a.bagnolet.francetelecom.fr;HostSystem-host-436;CLOAUBSIDWUP05;opsidiasaubvc01-adm.bagnolet.francetelecom.fr
opeuifrevtfdb1a;PoweredOn;EUI - BLACKLIST - FR;10.111.98.61, 10.107.30.4, 10.77.130.4;10.77.130.0/23 10.107.30.0/23 10.111.98.0/23;00:50:56:90:78:77, 00:50:56:90:78:78, 00:50:56:90:78:79;10.111.99.254, 10.107.31.254;3;10.77.130.11, 10.77.130.12, 10.114.134.61;Vmxnet3;VM ADM 1455, VM PRI 1276, VM PRV 1812;opsidwup5esx6a.bagnolet.francetelecom.fr;HostSystem-host-436;CLOAUBSIDWUP05;opsidiasaubvc01-adm.bagnolet.francetelecom.fr
uaeuifrpldbdc1a;PoweredOn;EUI - SELFCARE PRIVE - FR;10.111.98.80, 10.107.30.22, 10.77.130.22;10.77.130.0/23 10.107.30.0/23 10.111.98.0/23;00:50:56:90:54:ae, 00:50:56:90:54:af, 00:50:56:90:54:b0;10.111.99.254, 10.107.31.254;3;10.77.130.11, 10.77.130.12, 10.114.134.61;Vmxnet3;VM ADM 1455, VM PRI 1276, VM PRV 1812;opsidwup5esx6a.bagnolet.francetelecom.fr;HostSystem-host-436;CLOAUBSIDWUP05;opsidiasaubvc01-adm.bagnolet.francetelecom.fr
id-mm-srv-mgt1-a;PoweredOn;USSO - ORANGE OUT - MM;10.234.107.234, 10.234.96.180, 172.21.45.177;10.234.96.0/26 172.21.45.0/24 10.234.107.0/24;00:50:56:b2:76:f5, 00:50:56:b2:76:f6, 00:50:56:b2:31:21, 00:50:56:b2:42:90;10.234.107.254, 10.234.96.160;4;172.21.45.129, 172.21.45.130, 10.234.18.153;e1000;Production AD, Production DE, Production DI, Production PR;opsidwup5esx5a.bagnolet.francetelecom.fr;HostSystem-host-443;CLOAUBSIDWUP05;opsidiasaubvc01-adm.bagnolet.francetelecom.fr
opwupfrpriv5a;PoweredOn;USSO - WASPRIV - FR;10.111.98.104, 10.107.30.104, 10.77.130.104;10.77.130.0/23 10.107.30.0/23 10.111.98.0/23;00:50:56:90:30:a7, 00:50:56:90:30:a8, 00:50:56:90:30:a9;10.77.131.254, 10.111.99.254, 10.107.31.254;3;10.77.130.11, 10.77.130.12, 10.114.134.61;Vmxnet3;VM ADM 1455, VM PRI 1276, VM PRV 1812;opsidwup5esx5a.bagnolet.francetelecom.fr;HostSystem-host-443;CLOAUBSIDWUP05;opsidiasaubvc01-adm.bagnolet.francetelecom.fr
id-fr-lock-web3-a;PoweredOn;EUI - IDENTITY LOCKER - FR;10.234.107.206, 10.234.96.210, 172.21.45.193;10.234.96.0/26 172.21.45.0/24 10.234.107.0/24;00:50:56:b2:18:f4, 00:50:56:b2:7d:1a, 00:50:56:b2:5d:fb, 00:50:56:b2:5f:8b;10.234.107.254, 10.234.96.160;4;10.98.198.209, 10.98.149.201, 10.98.91.71;e1000;Production AD, Production DE, Production DI, Production PR;opsidwup5esx5a.bagnolet.francetelecom.fr;HostSystem-host-443;CLOAUBSIDWUP05;opsidiasaubvc01-adm.bagnolet.francetelecom.fr
opeuifrpldbdc1a;PoweredOn;EUI - SELFCARE PRIVE - FR;10.111.98.75, 10.107.30.17, 10.77.130.17;10.77.130.0/23 10.107.30.0/23 10.111.98.0/23;00:50:56:90:1b:b4, 00:50:56:90:1b:b5, 00:50:56:90:1b:b6;10.111.99.254, 10.107.31.254;3;10.77.130.11, 10.77.130.12, 10.114.134.61;Vmxnet3;VM ADM 1455, VM PRI 1276, VM PRV 1812;opsidwup5esx5a.bagnolet.francetelecom.fr;HostSystem-host-443;CLOAUBSIDWUP05;opsidiasaubvc01-adm.bagnolet.francetelecom.fr
id-mm-was-priv5-a;PoweredOn;USSO - WASPRIV - MM;10.234.107.199, fe80::250:56ff:fea4:3f5b, 10.234.96.145, fe80::250:56ff:fea4:5b0b, 172.21.45.170, fe80::250:56ff:fea4:631b;10.234.96.0/26 172.21.45.0/24;00:50:56:a4:3f:5b, 00:50:56:a4:78:46, 00:50:56:a4:5b:0b, 00:50:56:a4:63:1b;10.234.107.254, 10.234.96.160;4;172.21.45.129, 172.21.45.130, 10.234.18.153;Flexible;Production AD, Production DE, Production DI, Production PR;opsidwup5esx5a.bagnolet.francetelecom.fr;HostSystem-host-443;CLOAUBSIDWUP05;opsidiasaubvc01-adm.bagnolet.francetelecom.fr
id-mm-auth-serv3-a;PoweredOn;USSO - ORANGE OUT - MM;10.234.107.249, 10.234.96.168, 172.21.45.190;10.234.96.0/26 172.21.45.0/24 10.234.107.0/24;00:50:56:b2:72:59, 00:50:56:b2:28:4c, 00:50:56:b2:44:a1, 00:50:56:b2:03:a2;10.234.107.254, 10.234.96.160;4;172.21.45.129, 172.21.45.130, 10.234.18.153;e1000;Production AD, Production DE, Production DI, Production PR;opsidwup5esx5a.bagnolet.francetelecom.fr;HostSystem-host-443;CLOAUBSIDWUP05;opsidiasaubvc01-adm.bagnolet.francetelecom.fr
id-fr-lock-web1-a;PoweredOn;EUI - IDENTITY LOCKER - FR;10.234.107.204, 10.234.96.208, 172.21.45.191;10.234.96.0/26 172.21.45.0/24 10.234.107.0/24;00:50:56:b2:2f:72, 00:50:56:b2:7a:e1, 00:50:56:b2:21:ac, 00:50:56:b2:35:fa;10.234.107.254, 10.234.96.160;4;10.98.198.209, 10.98.149.201, 10.98.91.71;e1000;Production AD, Production DE, Production DI, Production PR;opsidwup5esx5a.bagnolet.francetelecom.fr;HostSystem-host-443;CLOAUBSIDWUP05;opsidiasaubvc01-adm.bagnolet.francetelecom.fr
opwupfrpriv15a;PoweredOn;USSO - WASPRIV - FR;10.111.98.114, 10.107.30.114, 10.77.130.114;10.77.130.0/23 10.107.30.0/23 10.111.98.0/23;00:50:56:90:30:c5, 00:50:56:90:30:c6, 00:50:56:90:30:c7;10.77.131.254, 10.111.99.254, 10.107.31.254;3;10.77.130.11, 10.77.130.12, 10.114.134.61;Vmxnet3;VM ADM 1455, VM PRI 1276, VM PRV 1812;opsidwup5esx5a.bagnolet.francetelecom.fr;HostSystem-host-443;CLOAUBSIDWUP05;opsidiasaubvc01-adm.bagnolet.francetelecom.fr
id-fr-evntdb-db0-a;PoweredOn;EUI - BLACKLIST - FR;10.234.107.216, 10.234.96.169, 172.21.45.45;10.234.96.0/26 172.21.45.0/24 10.234.107.0/24;00:50:56:b2:6d:5a, 00:50:56:b2:18:65, 00:50:56:b2:43:40;10.234.107.254, 10.234.96.160;3;10.98.198.209, 10.98.149.201, 10.98.91.71;EnhancedVmxnet;Production AD, Production DI, Production PR;opsidwup6esx3a.bagnolet.francetelecom.fr;HostSystem-host-452;CLOAUBSIDWUP06;opsidiasaubvc01-adm.bagnolet.francetelecom.fr
id-mm-was-priv2-a;PoweredOn;USSO - WASPRIV - MM;10.234.107.196, fe80::250:56ff:fea4:2853, 10.234.96.142, fe80::250:56ff:fea4:2064, 172.21.45.167, fe80::250:56ff:fea4:6465;10.234.96.0/26 172.21.45.0/24;00:50:56:a4:28:53, 00:50:56:a4:43:2e, 00:50:56:a4:20:64, 00:50:56:a4:64:65;10.234.107.254, 10.234.96.160;4;172.21.45.130, 172.21.45.129, 10.234.18.152;Flexible;Production AD, Production DE, Production DI, Production PR;opsidwup6esx3a.bagnolet.francetelecom.fr;HostSystem-host-452;CLOAUBSIDWUP06;opsidiasaubvc01-adm.bagnolet.francetelecom.fr
opwupfrpriv4a;PoweredOn;USSO - WASPRIV - FR;10.111.98.103, 10.107.30.103, 10.77.130.103;10.77.130.0/23 10.107.30.0/23 10.111.98.0/23;00:50:56:90:30:a4, 00:50:56:90:30:a5, 00:50:56:90:30:a6;10.77.131.254, 10.111.99.254, 10.107.31.254;3;10.77.130.12, 10.77.130.11, 10.114.138.89;Vmxnet3;VM ADM 1455, VM PRI 1276, VM PRV 1812;opsidwup6esx3a.bagnolet.francetelecom.fr;HostSystem-host-452;CLOAUBSIDWUP06;opsidiasaubvc01-adm.bagnolet.francetelecom.fr
opwarmmdbc2a;PoweredOn;USSO - ARC - MM;10.234.107.213, 10.234.183.11, 172.21.45.215;10.234.183.0/25 172.21.45.0/24 10.234.107.0/24;00:50:56:90:43:2e, 00:50:56:90:43:2f, 00:50:56:90:43:30;10.234.107.254, 10.234.183.126;3;172.21.45.130, 172.21.45.129, 10.234.18.152;Vmxnet3;Production AD, Production DI2, Production PR;opsidwup6esx3a.bagnolet.francetelecom.fr;HostSystem-host-452;CLOAUBSIDWUP06;opsidiasaubvc01-adm.bagnolet.francetelecom.fr
opeuifrevtfdb2a;PoweredOn;EUI - BLACKLIST - FR;10.111.98.62, 10.107.30.5, 10.77.130.5;10.77.130.0/23 10.107.30.0/23 10.111.98.0/23;00:50:56:90:78:7a, 00:50:56:90:78:7b, 00:50:56:90:78:7c;10.111.99.254, 10.107.31.254;3;10.77.130.12, 10.77.130.11, 10.114.138.89;Vmxnet3;VM ADM 1455, VM PRI 1276, VM PRV 1812;opsidwup6esx3a.bagnolet.francetelecom.fr;HostSystem-host-452;CLOAUBSIDWUP06;opsidiasaubvc01-adm.bagnolet.francetelecom.fr
opwtrwtpriv10a;PoweredOn;USSO - WT;10.111.98.192, 10.117.11.139, 10.77.130.53;10.77.130.0/23 10.111.98.0/23;00:50:56:90:2d:57, 00:50:56:90:2d:58, 00:50:56:90:2d:59;10.111.99.254, 10.117.11.190;3;10.77.130.12, 10.77.130.11, 10.114.138.89;Vmxnet3;VM ADM 1455, VM PRI 1277, VM PRV 1812;opsidwup6esx12a.bagnolet.francetelecom.fr;HostSystem-host-458;CLOAUBSIDWUP06;opsidiasaubvc01-adm.bagnolet.francetelecom.fr
id-mm-srv-mgt2-a;PoweredOn;USSO - ORANGE OUT - MM;10.234.107.235, 10.234.96.181, 172.21.45.178;10.234.96.0/26 172.21.45.0/24 10.234.107.0/24;00:50:56:b2:77:1c, 00:50:56:b2:03:07, 00:50:56:b2:17:46, 00:50:56:b2:1b:b3;10.234.107.254, 10.234.96.160;4;172.21.45.130, 172.21.45.129, 10.234.18.152;e1000;Production AD, Production DE, Production DI, Production PR;opsidwup6esx12a.bagnolet.francetelecom.fr;HostSystem-host-458;CLOAUBSIDWUP06;opsidiasaubvc01-adm.bagnolet.francetelecom.fr
opwarmmws6a;PoweredOn;USSO - ARC - MM;10.234.107.46, 10.234.183.6, 172.21.45.210;10.234.183.0/25 172.21.45.0/24 10.234.107.0/24;00:50:56:90:43:1f, 00:50:56:90:43:20, 00:50:56:90:43:21;10.234.107.254, 10.234.183.126;3;172.21.45.130, 172.21.45.129, 10.234.18.152;Vmxnet3;Production AD, Production DI2, Production PR;opsidwup6esx12a.bagnolet.francetelecom.fr;HostSystem-host-458;CLOAUBSIDWUP06;opsidiasaubvc01-adm.bagnolet.francetelecom.fr
opeuifrevtfdb4a;PoweredOn;EUI - BLACKLIST - FR;10.111.98.64, 10.107.30.7, 10.77.130.7;10.77.130.0/23 10.107.30.0/23 10.111.98.0/23;00:50:56:90:78:80, 00:50:56:90:78:81, 00:50:56:90:78:82;10.111.99.254, 10.107.31.254;3;10.77.130.12, 10.77.130.11, 10.114.138.89;Vmxnet3;VM ADM 1455, VM PRI 1276, VM PRV 1812;opsidwup6esx12a.bagnolet.francetelecom.fr;HostSystem-host-458;CLOAUBSIDWUP06;opsidiasaubvc01-adm.bagnolet.francetelecom.fr
id-mm-openid2-a;PoweredOn;USSO - ORANGE OUT - MM;10.234.107.239, 10.234.96.185, 172.21.45.182;10.234.96.0/26 172.21.45.0/24 10.234.107.0/24;00:50:56:b2:02:6f, 00:50:56:b2:3a:0f, 00:50:56:b2:5e:27, 00:50:56:b2:37:79;10.234.107.254, 10.234.96.160;4;172.21.45.130, 172.21.45.129, 10.234.18.152;e1000;Production AD, Production DE, Production DI, Production PR;opsidwup6esx12a.bagnolet.francetelecom.fr;HostSystem-host-458;CLOAUBSIDWUP06;opsidiasaubvc01-adm.bagnolet.francetelecom.fr
opwupfrpriv12a;PoweredOn;USSO - WASPRIV - FR;10.111.98.111, 10.107.30.111, 10.77.130.111;10.77.130.0/23 10.107.30.0/23 10.111.98.0/23;00:50:56:90:30:bc, 00:50:56:90:30:bd, 00:50:56:90:30:be;10.77.131.254, 10.111.99.254, 10.107.31.254;3;10.77.130.12, 10.77.130.11, 10.114.138.89;Vmxnet3;VM ADM 1455, VM PRI 1276, VM PRV 1812;opsidwup6esx2a.bagnolet.francetelecom.fr;HostSystem-host-465;CLOAUBSIDWUP06;opsidiasaubvc01-adm.bagnolet.francetelecom.fr
opevgfrws04a;PoweredOn;USSO - EVENT MANAGER - FR;10.111.98.211, 10.107.30.49, 10.77.130.60;10.77.130.0/23 10.107.30.0/23 10.111.98.0/23;00:50:56:8d:9e:46, 00:50:56:8d:11:14, 00:50:56:8d:5a:54;10.107.31.254, 10.111.99.254;3;10.77.130.12, 10.77.130.11, 10.234.18.152;Vmxnet3;VM ADM 1455, VM PRI 1276, VM PRV 1812;opsidwup6esx2a.bagnolet.francetelecom.fr;HostSystem-host-465;CLOAUBSIDWUP06;opsidiasaubvc01-adm.bagnolet.francetelecom.fr
id-mm-was-priv6-a;PoweredOn;USSO - WASPRIV - MM;10.234.107.200, fe80::250:56ff:fea4:426e, 10.234.96.146, fe80::250:56ff:fea4:49f8, 172.21.45.171, fe80::250:56ff:fea4:2d44;10.234.96.0/26 172.21.45.0/24;00:50:56:a4:42:6e, 00:50:56:a4:08:3e, 00:50:56:a4:49:f8, 00:50:56:a4:2d:44;10.234.107.254, 10.234.96.160;4;172.21.45.130, 172.21.45.129, 10.234.18.152;Flexible;Production AD, Production DE, Production DI, Production PR;opsidwup6esx2a.bagnolet.francetelecom.fr;HostSystem-host-465;CLOAUBSIDWUP06;opsidiasaubvc01-adm.bagnolet.francetelecom.fr
opwupfrpriv26a;PoweredOn;USSO - WASPRIV - FR;10.111.98.125, 10.107.30.125, 10.77.130.125;10.77.130.0/23 10.107.30.0/23 10.111.98.0/23;00:50:56:90:30:e9, 00:50:56:90:30:ea, 00:50:56:90:30:eb;10.77.131.254, 10.111.99.254, 10.107.31.254;3;10.77.130.12, 10.77.130.11, 10.114.138.89;Vmxnet3;VM ADM 1455, VM PRI 1276, VM PRV 1812;opsidwup6esx16a.bagnolet.francetelecom.fr;HostSystem-host-471;CLOAUBSIDWUP06;opsidiasaubvc01-adm.bagnolet.francetelecom.fr
opwupfrpriv10a;PoweredOn;USSO - WASPRIV - FR;10.111.98.109, 10.107.30.109, 10.77.130.109;10.77.130.0/23 10.107.30.0/23 10.111.98.0/23;00:50:56:90:30:b6, 00:50:56:90:30:b7, 00:50:56:90:30:b8;10.77.131.254, 10.111.99.254, 10.107.31.254;3;10.77.130.12, 10.77.130.11, 10.114.138.89;Vmxnet3;VM ADM 1455, VM PRI 1276, VM PRV 1812;opsidwup6esx16a.bagnolet.francetelecom.fr;HostSystem-host-471;CLOAUBSIDWUP06;opsidiasaubvc01-adm.bagnolet.francetelecom.fr
opwupfrpriv2a;PoweredOn;USSO - WASPRIV - FR;10.111.98.101, 10.107.30.101, 10.77.130.101;10.77.130.0/23 10.107.30.0/23 10.111.98.0/23;00:50:56:90:30:9e, 00:50:56:90:30:9f, 00:50:56:90:30:a0;10.77.131.254, 10.111.99.254, 10.107.31.254;3;10.77.130.12, 10.77.130.11, 10.114.138.89;Vmxnet3;VM ADM 1455, VM PRI 1276, VM PRV 1812;opsidwup6esx16a.bagnolet.francetelecom.fr;HostSystem-host-471;CLOAUBSIDWUP06;opsidiasaubvc01-adm.bagnolet.francetelecom.fr
id-fr-evntdb-ws0-a;PoweredOn;EUI - BLACKLIST - FR;10.234.107.214, 10.107.30.25, 172.21.45.44;172.21.45.0/24 10.234.107.0/24 10.107.30.0/23;00:50:56:b2:31:38, 00:50:56:b2:59:9a, 00:50:56:b2:67:75;10.234.107.254, 10.107.31.254;3;10.98.198.209, 10.98.149.201, 10.98.91.71;EnhancedVmxnet;Production AD, VM PRI 1276, Production PR;opsidwup6esx7a.bagnolet.francetelecom.fr;HostSystem-host-477;CLOAUBSIDWUP06;opsidiasaubvc01-adm.bagnolet.francetelecom.fr
opsidsanadm2a;PoweredOn;SOCLE IDENTITE - EXPLOITATION;10.111.98.71, 10.107.30.13, 19.77.130.13;10.107.30.0/23 10.111.98.0/23 19.77.130.0/23;00:50:56:8d:32:68, 00:50:56:8d:5f:5b, 00:50:56:8d:fa:4e;10.107.31.254, 10.111.99.254;3;10.98.91.72, 10.98.149.201;Vmxnet3;VM ADM 1455, VM PRI 1276, VM PRV 1812;opsidwup6esx7a.bagnolet.francetelecom.fr;HostSystem-host-477;CLOAUBSIDWUP06;opsidiasaubvc01-adm.bagnolet.francetelecom.fr
uaeuifrevtfws2a;PoweredOn;EUI - BLACKLIST - FR;10.111.98.82, 10.107.30.24, 10.77.130.32;10.77.130.0/23 10.107.30.0/23 10.111.98.0/23;00:50:56:90:4a:1e, 00:50:56:90:4a:1f, 00:50:56:90:4a:20;10.111.99.254, 10.107.31.254;3;10.77.130.11, 10.77.130.12, 10.114.134.61;Vmxnet3;VM ADM 1455, VM PRI 1276, VM PRV 1812;opsidwup6esx7a.bagnolet.francetelecom.fr;HostSystem-host-477;CLOAUBSIDWUP06;opsidiasaubvc01-adm.bagnolet.francetelecom.fr
id-fr-evntdb-ws2-a;PoweredOn;EUI - BLACKLIST - FR;10.234.107.191, 10.234.96.240, 172.21.45.203;10.234.96.0/26 172.21.45.0/24 10.234.107.0/24;00:50:56:b2:1f:ae, 00:50:56:b2:39:81, 00:50:56:b2:20:f5, 00:50:56:b2:2b:57;10.234.107.254, 10.234.96.160;4;10.98.198.209, 10.98.149.201, 10.98.91.71;e1000;Production AD, Production DE, Production DI, Production PR;opsidwup6esx7a.bagnolet.francetelecom.fr;HostSystem-host-477;CLOAUBSIDWUP06;opsidiasaubvc01-adm.bagnolet.francetelecom.fr
uaeuifrevtfdb2a;PoweredOn;EUI - BLACKLIST - FR;10.111.98.67, 10.107.30.10, 10.77.130.10;10.77.130.0/23 10.107.30.0/23 10.111.98.0/23;00:50:56:90:78:65, 00:50:56:90:78:66, 00:50:56:90:78:67;10.111.99.254, 10.107.31.254;3;10.77.130.12, 10.77.130.11, 10.114.138.89;Vmxnet3;VM ADM 1455, VM PRI 1276, VM PRV 1812;opsidwup6esx7a.bagnolet.francetelecom.fr;HostSystem-host-477;CLOAUBSIDWUP06;opsidiasaubvc01-adm.bagnolet.francetelecom.fr
opwarmmdbc4a;PoweredOn;USSO - ARC - MM;10.234.107.223, 10.234.183.13, 172.21.45.217;10.234.183.0/25 172.21.45.0/24 10.234.107.0/24;00:50:56:90:43:34, 00:50:56:90:43:35, 00:50:56:90:43:36;10.234.107.254, 10.234.183.126;3;172.21.45.130, 172.21.45.129, 10.234.18.152;Vmxnet3;Production AD, Production DI2, Production PR;opsidwup6esx14a.bagnolet.francetelecom.fr;HostSystem-host-483;CLOAUBSIDWUP06;opsidiasaubvc01-adm.bagnolet.francetelecom.fr
opwtrwtpriv8a;PoweredOn;USSO - WT;10.111.98.189, 10.117.11.136, 10.77.130.50;10.77.130.0/23 10.111.98.0/23;00:50:56:90:4c:f4, 00:50:56:90:4c:f5, 00:50:56:90:4c:f6;10.111.99.254, 10.117.11.190;3;10.77.130.12, 10.77.130.11, 10.114.138.89;Vmxnet3;VM ADM 1455, VM PRI 1277, VM PRV 1812;opsidwup6esx14a.bagnolet.francetelecom.fr;HostSystem-host-483;CLOAUBSIDWUP06;opsidiasaubvc01-adm.bagnolet.francetelecom.fr
opwupfrpriv16a;PoweredOn;USSO - WASPRIV - FR;10.111.98.115, 10.107.30.115, 10.77.130.115;10.77.130.0/23 10.107.30.0/23 10.111.98.0/23;00:50:56:90:30:c8, 00:50:56:90:30:c9, 00:50:56:90:30:ca;10.77.131.254, 10.111.99.254, 10.107.31.254;3;10.77.130.12, 10.77.130.11, 10.114.138.89;Vmxnet3;VM ADM 1455, VM PRI 1276, VM PRV 1812;opsidwup6esx14a.bagnolet.francetelecom.fr;HostSystem-host-483;CLOAUBSIDWUP06;opsidiasaubvc01-adm.bagnolet.francetelecom.fr
opsahfrws2a;PoweredOn;USSO - SAID - FR;10.111.98.181, 10.107.30.31, 10.77.130.31;10.77.130.0/23 10.107.30.0/23 10.111.98.0/23;00:50:56:8d:46:50, 00:50:56:8d:02:43, 00:50:56:8d:bd:c5;10.77.131.254, 10.111.99.254, 10.107.31.254;3;10.77.130.12, 10.77.130.11, 10.114.138.89;Vmxnet3;VM ADM 1455, VM PRI 1276, VM PRV 1812;opsidwup6esx14a.bagnolet.francetelecom.fr;HostSystem-host-483;CLOAUBSIDWUP06;opsidiasaubvc01-adm.bagnolet.francetelecom.fr
opwtrwtpriv6a;PoweredOn;USSO - WT;10.111.98.187, 10.117.11.134, 10.77.130.48;10.77.130.0/23 10.111.98.0/23;00:50:56:90:4c:ee, 00:50:56:90:4c:ef, 00:50:56:90:4c:f0;10.111.99.254, 10.117.11.190;3;10.77.130.12, 10.77.130.11, 10.114.138.89;Vmxnet3;VM ADM 1455, VM PRI 1277, VM PRV 1812;opsidwup6esx9a.bagnolet.francetelecom.fr;HostSystem-host-489;CLOAUBSIDWUP06;opsidiasaubvc01-adm.bagnolet.francetelecom.fr
opwupfrpriv32a;PoweredOn;USSO - WASPRIV - FR;10.111.98.131, 10.107.30.131, 10.77.130.131;10.77.130.0/23 10.107.30.0/23 10.111.98.0/23;00:50:56:90:30:fb, 00:50:56:90:30:fc, 00:50:56:90:30:fd;10.77.131.254, 10.111.99.254, 10.107.31.254;3;10.77.130.12, 10.77.130.11, 10.114.138.89;Vmxnet3;VM ADM 1455, VM PRI 1276, VM PRV 1812;opsidwup6esx9a.bagnolet.francetelecom.fr;HostSystem-host-489;CLOAUBSIDWUP06;opsidiasaubvc01-adm.bagnolet.francetelecom.fr
opwupfrpriv36a;PoweredOn;USSO - WASPRIV - FR;10.111.98.135, 10.107.30.135, 10.77.130.135;10.77.130.0/23 10.107.30.0/23 10.111.98.0/23;00:50:56:90:31:07, 00:50:56:90:31:08, 00:50:56:90:31:09;10.77.131.254, 10.111.99.254, 10.107.31.254;3;10.77.130.12, 10.77.130.11, 10.114.138.89;Vmxnet3;VM ADM 1455, VM PRI 1276, VM PRV 1812;opsidwup6esx9a.bagnolet.francetelecom.fr;HostSystem-host-489;CLOAUBSIDWUP06;opsidiasaubvc01-adm.bagnolet.francetelecom.fr
opsiddnswupp2a;PoweredOn;SOCLE IDENTITE - EXPLOITATION;10.111.98.69, 10.107.30.12, 10.77.130.12;10.77.130.0/23 10.107.30.0/23 10.111.98.0/23;00:50:56:90:0e:14, 00:50:56:90:0e:15, 00:50:56:90:0e:16;10.107.31.254, 10.111.99.254;3;10.77.130.12, 10.77.130.11, 10.114.134.61;Vmxnet3;VM ADM 1455, VM PRI 1276, VM PRV 1812;opsidwup6esx13a.bagnolet.francetelecom.fr;HostSystem-host-494;CLOAUBSIDWUP06;opsidiasaubvc01-adm.bagnolet.francetelecom.fr
id-mm-out-dbc2-a;PoweredOn;USSO - ORANGE OUT - MM;10.234.107.244, 10.234.96.188, 172.21.45.185;10.234.96.0/26 172.21.45.0/24 10.234.107.0/24;00:50:56:b2:49:d1, 00:50:56:b2:2f:58, 00:50:56:b2:23:36, 00:50:56:b2:66:84;10.234.107.254, 10.234.96.160;4;172.21.45.130, 172.21.45.129, 10.234.18.152;e1000;Production AD, Production DE, Production DI, Production PR;opsidwup6esx13a.bagnolet.francetelecom.fr;HostSystem-host-494;CLOAUBSIDWUP06;opsidiasaubvc01-adm.bagnolet.francetelecom.fr
opeuifrfevtdb2a;PoweredOn;EUI - BLACKLIST - FR;10.234.107.228, 10.234.96.229, 172.21.45.49;10.234.96.0/26 172.21.45.0/24 10.234.107.0/24;00:50:56:b2:1f:0b, 00:50:56:b2:31:00, 00:50:56:b2:29:30;10.234.107.254, 10.234.96.160;3;172.21.45.130, 172.21.45.129, 10.234.18.152;EnhancedVmxnet;Production AD, Production DI, Production PR;opsidwup6esx13a.bagnolet.francetelecom.fr;HostSystem-host-494;CLOAUBSIDWUP06;opsidiasaubvc01-adm.bagnolet.francetelecom.fr
opwtrwtpriv2a;PoweredOn;USSO - WT;10.111.98.183, 10.117.11.130, 10.77.130.44;10.77.130.0/23 10.111.98.0/23;00:50:56:90:4c:e2, 00:50:56:90:4c:e3, 00:50:56:90:4c:e4;10.111.99.254, 10.117.11.190;3;10.77.130.12, 10.77.130.11, 10.114.138.89;Vmxnet3;VM ADM 1455, VM PRI 1277, VM PRV 1812;opsidwup6esx15a.bagnolet.francetelecom.fr;HostSystem-host-501;CLOAUBSIDWUP06;opsidiasaubvc01-adm.bagnolet.francetelecom.fr
opwtrwtpriv4a;PoweredOn;USSO - WT;10.111.98.185, 10.117.11.132, 10.77.130.46;10.77.130.0/23 10.111.98.0/23;00:50:56:90:4c:e8, 00:50:56:90:4c:e9, 00:50:56:90:4c:ea;10.111.99.254, 10.117.11.190;3;10.77.130.12, 10.77.130.11, 10.114.138.89;Vmxnet3;VM ADM 1455, VM PRI 1277, VM PRV 1812;opsidwup6esx15a.bagnolet.francetelecom.fr;HostSystem-host-501;CLOAUBSIDWUP06;opsidiasaubvc01-adm.bagnolet.francetelecom.fr
opwupfrpriv14a;PoweredOn;USSO - WASPRIV - FR;10.111.98.113, 10.107.30.113, 10.77.130.113;10.77.130.0/23 10.107.30.0/23 10.111.98.0/23;00:50:56:90:30:c2, 00:50:56:90:30:c3, 00:50:56:90:30:c4;10.77.131.254, 10.111.99.254, 10.107.31.254;3;10.77.130.12, 10.77.130.11, 10.114.138.89;Vmxnet3;VM ADM 1455, VM PRI 1276, VM PRV 1812;opsidwup6esx15a.bagnolet.francetelecom.fr;HostSystem-host-501;CLOAUBSIDWUP06;opsidiasaubvc01-adm.bagnolet.francetelecom.fr
opwupfrpriv8a;PoweredOn;USSO - WASPRIV - FR;10.111.98.107, 10.107.30.107, 10.77.130.107;10.77.130.0/23 10.107.30.0/23 10.111.98.0/23;00:50:56:90:30:b0, 00:50:56:90:30:b1, 00:50:56:90:30:b2;10.77.131.254, 10.111.99.254, 10.107.31.254;3;10.77.130.12, 10.77.130.11, 10.114.138.89;Vmxnet3;VM ADM 1455, VM PRI 1276, VM PRV 1812;opsidwup6esx15a.bagnolet.francetelecom.fr;HostSystem-host-501;CLOAUBSIDWUP06;opsidiasaubvc01-adm.bagnolet.francetelecom.fr
id-mm-out-enrol2-a;PoweredOn;USSO - ORANGE OUT - MM;10.234.107.237, 10.234.96.183, 172.21.45.180;10.234.96.0/26 172.21.45.0/24 10.234.107.0/24;00:50:56:b2:48:98, 00:50:56:b2:6c:da, 00:50:56:b2:32:24, 00:50:56:b2:51:d8;10.234.107.254, 10.234.96.160;4;172.21.45.130, 172.21.45.129, 10.234.18.152;e1000;Production AD, Production DE, Production DI, Production PR;opsidwup6esx11a.bagnolet.francetelecom.fr;HostSystem-host-508;CLOAUBSIDWUP06;opsidiasaubvc01-adm.bagnolet.francetelecom.fr
opwarmmws8a;PoweredOn;USSO - ARC - MM;10.234.107.79, 10.234.183.8, 172.21.45.212;10.234.183.0/25 172.21.45.0/24 10.234.107.0/24;00:50:56:90:43:25, 00:50:56:90:43:26, 00:50:56:90:43:27;10.234.107.254, 10.234.183.126;3;172.21.45.130, 172.21.45.129, 10.234.18.152;Vmxnet3;Production AD, Production DI2, Production PR;opsidwup6esx11a.bagnolet.francetelecom.fr;HostSystem-host-508;CLOAUBSIDWUP06;opsidiasaubvc01-adm.bagnolet.francetelecom.fr
opwupfrpriv24a;PoweredOn;USSO - WASPRIV - FR;10.111.98.123, 10.107.30.123, 10.77.130.123;10.77.130.0/23 10.107.30.0/23 10.111.98.0/23;00:50:56:90:31:1c, 00:50:56:90:31:1d, 00:50:56:90:31:1e;10.77.131.254, 10.111.99.254, 10.107.31.254;3;10.77.130.12, 10.77.130.11, 10.114.138.89;Vmxnet3;VM ADM 1455, VM PRI 1276, VM PRV 1812;opsidwup6esx11a.bagnolet.francetelecom.fr;HostSystem-host-508;CLOAUBSIDWUP06;opsidiasaubvc01-adm.bagnolet.francetelecom.fr
id-wupp-dns2-a;PoweredOn;SOCLE IDENTITE - EXPLOITATION;10.234.107.130, 10.234.96.148, 172.21.45.130;10.234.96.0/26 172.21.45.0/24 10.234.107.0/24;00:50:56:a4:35:95, 00:50:56:a4:18:f8, 00:50:56:a4:00:fa, 00:50:56:a4:09:01;10.234.107.254, 172.21.45.250, 10.234.96.160;4;127.0.0.1, 10.234.18.153, 10.234.18.152;e1000;Production AD, Production DE, Production DI, Production PR;opsidwup6esx11a.bagnolet.francetelecom.fr;HostSystem-host-508;CLOAUBSIDWUP06;opsidiasaubvc01-adm.bagnolet.francetelecom.fr
opwupfrpriv18a;PoweredOn;USSO - WASPRIV - FR;10.111.98.117, 10.107.30.117, 10.77.130.117;10.77.130.0/23 10.107.30.0/23 10.111.98.0/23;00:50:56:90:30:ce, 00:50:56:90:30:cf, 00:50:56:90:30:d0;10.77.131.254, 10.111.99.254, 10.107.31.254;3;10.77.130.12, 10.77.130.11, 10.114.138.89;Vmxnet3;VM ADM 1455, VM PRI 1276, VM PRV 1812;opsidwup6esx11a.bagnolet.francetelecom.fr;HostSystem-host-508;CLOAUBSIDWUP06;opsidiasaubvc01-adm.bagnolet.francetelecom.fr
id-mm-was-priv4-a;PoweredOn;USSO - WASPRIV - MM;10.234.107.198, fe80::250:56ff:fea4:3013, 10.234.96.144, fe80::250:56ff:fea4:38ce, 172.21.45.169, fe80::250:56ff:fea4:752;10.234.96.0/26 172.21.45.0/24;00:50:56:a4:30:13, 00:50:56:a4:78:94, 00:50:56:a4:38:ce, 00:50:56:a4:07:52;10.234.107.254, 10.234.96.160;4;172.21.45.130, 172.21.45.129, 10.234.18.152;Flexible;Production AD, Production DE, Production DI, Production PR;opsidwup6esx6a.bagnolet.francetelecom.fr;HostSystem-host-515;CLOAUBSIDWUP06;opsidiasaubvc01-adm.bagnolet.francetelecom.fr
id-fr-lock-web4-a;PoweredOn;EUI - IDENTITY LOCKER - FR;10.234.107.207, 10.234.96.211, 172.21.45.194;10.234.96.0/26 172.21.45.0/24 10.234.107.0/24;00:50:56:b2:5f:0a, 00:50:56:b2:41:79, 00:50:56:b2:20:a4, 00:50:56:b2:04:a6;10.234.107.254, 10.234.96.160;4;10.98.198.209, 10.98.149.201, 10.98.91.71;e1000;Production AD, Production DE, Production DI, Production PR;opsidwup6esx6a.bagnolet.francetelecom.fr;HostSystem-host-515;CLOAUBSIDWUP06;opsidiasaubvc01-adm.bagnolet.francetelecom.fr
opeuifrpldbdc2a;PoweredOn;EUI - SELFCARE PRIVE - FR;10.111.98.76, 10.107.30.18, 10.77.130.18;10.77.130.0/23 10.107.30.0/23 10.111.98.0/23;00:50:56:90:1b:b7, 00:50:56:90:1b:b8, 00:50:56:90:1b:b9;10.111.99.254, 10.107.31.254;3;10.77.130.12, 10.77.130.11, 10.114.138.89;Vmxnet3;VM ADM 1455, VM PRI 1276, VM PRV 1812;opsidwup6esx6a.bagnolet.francetelecom.fr;HostSystem-host-515;CLOAUBSIDWUP06;opsidiasaubvc01-adm.bagnolet.francetelecom.fr
opwupfrpriv20a;PoweredOn;USSO - WASPRIV - FR;10.111.98.119, 10.107.30.119, 10.77.130.119;10.77.130.0/23 10.107.30.0/23 10.111.98.0/23;00:50:56:90:30:d4, 00:50:56:90:30:d5, 00:50:56:90:30:d6;10.77.131.254, 10.111.99.254, 10.107.31.254;3;10.77.130.12, 10.77.130.11, 10.114.138.89;Vmxnet3;VM ADM 1455, VM PRI 1276, VM PRV 1812;opsidwup6esx6a.bagnolet.francetelecom.fr;HostSystem-host-515;CLOAUBSIDWUP06;opsidiasaubvc01-adm.bagnolet.francetelecom.fr
opevgfrdb02a;PoweredOn;USSO - EVENT MANAGER - FR;10.111.98.206, 10.107.30.44, 10.77.130.55;10.77.130.0/23 10.107.30.0/23 10.111.98.0/23;00:50:56:8d:f7:81, 00:50:56:8d:da:bf, 00:50:56:8d:82:2a;10.107.31.254, 10.111.99.254;3;10.77.130.12, 10.77.130.11, 10.234.18.152;Vmxnet3;VM ADM 1455, VM PRI 1276, VM PRV 1812;opsidwup6esx4a.bagnolet.francetelecom.fr;HostSystem-host-517;CLOAUBSIDWUP06;opsidiasaubvc01-adm.bagnolet.francetelecom.fr
opwupfrpriv30a;PoweredOn;USSO - WASPRIV - FR;10.111.98.129, 10.107.30.129, 10.77.130.129;10.77.130.0/23 10.107.30.0/23 10.111.98.0/23;00:50:56:90:30:f5, 00:50:56:90:30:f6, 00:50:56:90:30:f7;10.77.131.254, 10.111.99.254, 10.107.31.254;3;10.77.130.12, 10.77.130.11, 10.114.138.89;Vmxnet3;VM ADM 1455, VM PRI 1276, VM PRV 1812;opsidwup6esx4a.bagnolet.francetelecom.fr;HostSystem-host-517;CLOAUBSIDWUP06;opsidiasaubvc01-adm.bagnolet.francetelecom.fr
id-fr-formpriv0-a;PoweredOn;EUI - FORMULAIRE MOBILE - FR;10.234.107.210, 10.234.96.199, 172.21.45.43;10.234.96.0/26 172.21.45.0/24 10.234.107.0/24;00:50:56:b2:52:a7, 00:50:56:ba:98:9d, 00:50:56:b2:6a:ed, 00:50:56:b2:3f:21;172.21.45.158, 10.234.107.254, 172.21.45.250, 10.234.96.160, 10.234.96.193;4;10.98.198.209, 10.98.149.201, 10.98.91.71;EnhancedVmxnet, e1000;Production AD, Install Network, Production DI, Production PR;opsidwup6esx10a.bagnolet.francetelecom.fr;HostSystem-host-526;CLOAUBSIDWUP06;opsidiasaubvc01-adm.bagnolet.francetelecom.fr
opeuifrscrprv0a;PoweredOn;EUI - SELFCARE PRIVE - FR;10.234.107.232, 10.234.96.203, 172.21.45.46;10.234.96.0/26 172.21.45.0/24 10.234.107.0/24;00:50:56:b2:29:42, 00:50:56:b2:45:47, 00:50:56:b2:18:af;10.234.107.254, 10.234.96.160;3;172.21.45.130, 172.21.45.129, 10.234.18.152;EnhancedVmxnet;Production AD, Production DI, Production PR;opsidwup6esx10a.bagnolet.francetelecom.fr;HostSystem-host-526;CLOAUBSIDWUP06;opsidiasaubvc01-adm.bagnolet.francetelecom.fr
opwupfrpriv28a;PoweredOn;USSO - WASPRIV - FR;10.111.98.127, 10.107.30.127, 10.77.130.127;10.77.130.0/23 10.107.30.0/23 10.111.98.0/23;00:50:56:90:31:1f, 00:50:56:90:31:20, 00:50:56:90:31:21;10.77.131.254, 10.111.99.254, 10.107.31.254;3;10.77.130.12, 10.77.130.11, 10.114.138.89;Vmxnet3;VM ADM 1455, VM PRI 1276, VM PRV 1812;opsidwup6esx10a.bagnolet.francetelecom.fr;HostSystem-host-526;CLOAUBSIDWUP06;opsidiasaubvc01-adm.bagnolet.francetelecom.fr
opuso-log8-a;PoweredOn;SOCLE IDENTITE - EXPLOITATION;10.234.107.23, 10.234.96.198, 172.21.45.174;10.234.96.0/26 172.21.45.0/24 10.234.107.0/24;00:50:56:b2:56:c8, 00:50:56:b2:22:ff, 00:50:56:b2:22:ec, 00:50:56:b2:61:46;10.234.107.254;4;172.21.45.130, 172.21.45.129, 10.234.18.152;EnhancedVmxnet;Production AD, Production DE, Production DI, Production PR;opsidwup6esx10a.bagnolet.francetelecom.fr;HostSystem-host-526;CLOAUBSIDWUP06;opsidiasaubvc01-adm.bagnolet.francetelecom.fr
id-fr-lock-web2-a;PoweredOn;EUI - IDENTITY LOCKER - FR;10.234.107.205, 10.234.96.209, 172.21.45.192;10.234.96.0/26 172.21.45.0/24 10.234.107.0/24;00:50:56:b2:4e:30, 00:50:56:b2:57:96, 00:50:56:b2:69:a7, 00:50:56:b2:0f:4a;10.234.107.254, 10.234.96.160;4;10.98.198.209, 10.98.149.201, 10.98.91.71;e1000;Production AD, Production DE, Production DI, Production PR;opsidwup6esx5a.bagnolet.francetelecom.fr;HostSystem-host-532;CLOAUBSIDWUP06;opsidiasaubvc01-adm.bagnolet.francetelecom.fr
opevgfrws02a;PoweredOn;USSO - EVENT MANAGER - FR;10.111.98.209, 10.107.30.47, 10.77.130.58;10.77.130.0/23 10.107.30.0/23 10.111.98.0/23;00:50:56:8d:17:d9, 00:50:56:8d:c7:5e, 00:50:56:8d:da:27;10.107.31.254, 10.111.99.254;3;10.77.130.12, 10.77.130.11, 10.234.18.152;Vmxnet3;VM ADM 1455, VM PRI 1276, VM PRV 1812;opsidwup6esx5a.bagnolet.francetelecom.fr;HostSystem-host-532;CLOAUBSIDWUP06;opsidiasaubvc01-adm.bagnolet.francetelecom.fr
opwupfrpriv22a;PoweredOn;USSO - WASPRIV - FR;10.111.98.121, 10.107.30.121, 10.77.130.121;10.77.130.0/23 10.107.30.0/23 10.111.98.0/23;00:50:56:90:30:da, 00:50:56:90:30:db, 00:50:56:90:30:dc;10.77.131.254, 10.111.99.254, 10.107.31.254;3;10.77.130.12, 10.77.130.11, 10.114.138.89;Vmxnet3;VM ADM 1455, VM PRI 1276, VM PRV 1812;opsidwup6esx5a.bagnolet.francetelecom.fr;HostSystem-host-532;CLOAUBSIDWUP06;opsidiasaubvc01-adm.bagnolet.francetelecom.fr
opwupfrpriv40a;PoweredOn;USSO - WASPRIV - FR;10.111.98.139, 10.107.30.139, 10.77.130.139;10.77.130.0/23 10.107.30.0/23 10.111.98.0/23;00:50:56:90:31:13, 00:50:56:90:31:14, 00:50:56:90:31:15;10.77.131.254, 10.111.99.254, 10.107.31.254;3;10.77.130.12, 10.77.130.11, 10.114.138.89;Vmxnet3;VM ADM 1455, VM PRI 1276, VM PRV 1812;opsidwup6esx8a.bagnolet.francetelecom.fr;HostSystem-host-537;CLOAUBSIDWUP06;opsidiasaubvc01-adm.bagnolet.francetelecom.fr
opwupfrpriv34a;PoweredOn;USSO - WASPRIV - FR;10.111.98.133, 10.107.30.133, 10.77.130.133;10.77.130.0/23 10.107.30.0/23 10.111.98.0/23;00:50:56:90:31:01, 00:50:56:90:31:02, 00:50:56:90:31:03;10.77.131.254, 10.111.99.254, 10.107.31.254;3;10.77.130.12, 10.77.130.11, 10.114.138.89;Vmxnet3;VM ADM 1455, VM PRI 1276, VM PRV 1812;opsidwup6esx8a.bagnolet.francetelecom.fr;HostSystem-host-537;CLOAUBSIDWUP06;opsidiasaubvc01-adm.bagnolet.francetelecom.fr
opwarmmws2a;PoweredOn;USSO - ARC - MM;10.234.107.14, 10.234.183.2, 172.21.45.206;10.234.183.0/25 172.21.45.0/24 10.234.107.0/24;00:50:56:90:43:13, 00:50:56:90:43:14, 00:50:56:90:43:15;10.234.107.254, 10.234.183.126;3;172.21.45.130, 172.21.45.129, 10.234.18.152;Vmxnet3;Production AD, Production DI2, Production PR;opsidwup6esx8a.bagnolet.francetelecom.fr;HostSystem-host-537;CLOAUBSIDWUP06;opsidiasaubvc01-adm.bagnolet.francetelecom.fr
opwupfrpriv38a;PoweredOn;USSO - WASPRIV - FR;10.111.98.137, 10.107.30.137, 10.77.130.137;10.77.130.0/23 10.107.30.0/23 10.111.98.0/23;00:50:56:90:31:25, 00:50:56:90:31:26, 00:50:56:90:31:27;10.77.131.254, 10.111.99.254, 10.107.31.254;3;10.77.130.12, 10.77.130.11, 10.114.138.89;Vmxnet3;VM ADM 1455, VM PRI 1276, VM PRV 1812;opsidwup6esx8a.bagnolet.francetelecom.fr;HostSystem-host-537;CLOAUBSIDWUP06;opsidiasaubvc01-adm.bagnolet.francetelecom.fr
opwarmmws4a;PoweredOn;USSO - ARC - MM;10.234.107.36, 10.234.183.4, 172.21.45.208;10.234.183.0/25 172.21.45.0/24 10.234.107.0/24;00:50:56:90:43:19, 00:50:56:90:43:1a, 00:50:56:90:43:1b;10.234.107.254, 10.234.183.126;3;172.21.45.130, 172.21.45.129, 10.234.18.152;Vmxnet3;Production AD, Production DI2, Production PR;opsidwup6esx1a.bagnolet.francetelecom.fr;HostSystem-host-547;CLOAUBSIDWUP06;opsidiasaubvc01-adm.bagnolet.francetelecom.fr
id-mm-auth-serv2-a;PoweredOn;USSO - ORANGE OUT - MM;10.234.107.248, 10.234.96.167, 172.21.45.189;10.234.96.0/26 172.21.45.0/24 10.234.107.0/24;00:50:56:b2:5f:a6, 00:50:56:b2:73:77, 00:50:56:b2:5c:a1, 00:50:56:b2:04:91;10.234.107.254, 10.234.96.160;4;172.21.45.130, 172.21.45.129, 10.234.18.152;e1000;Production AD, Production DE, Production DI, Production PR;opsidwup6esx1a.bagnolet.francetelecom.fr;HostSystem-host-547;CLOAUBSIDWUP06;opsidiasaubvc01-adm.bagnolet.francetelecom.fr
opeuifrscrprv2a;PoweredOn;EUI - SELFCARE PRIVE - FR;10.234.107.163, 10.234.96.237, 172.21.45.67;10.234.96.0/26 172.21.45.0/24 10.234.107.0/24;00:50:56:b2:63:fa, 00:50:56:b2:39:6c, 00:50:56:b2:06:f2;10.234.107.254, 10.234.96.160;3;172.21.45.130, 172.21.45.129, 10.234.18.152;EnhancedVmxnet;Production AD, Production DI, Production PR;opsidwup6esx1a.bagnolet.francetelecom.fr;HostSystem-host-547;CLOAUBSIDWUP06;opsidiasaubvc01-adm.bagnolet.francetelecom.fr
opwupfrpriv6a;PoweredOn;USSO - WASPRIV - FR;10.111.98.105, 10.107.30.105, 10.77.130.105;10.77.130.0/23 10.107.30.0/23 10.111.98.0/23;00:50:56:90:30:aa, 00:50:56:90:30:ab, 00:50:56:90:30:ac;10.77.131.254, 10.111.99.254, 10.107.31.254;3;10.77.130.12, 10.77.130.11, 10.114.138.89;Vmxnet3;VM ADM 1455, VM PRI 1276, VM PRV 1812;opsidwup6esx1a.bagnolet.francetelecom.fr;HostSystem-host-547;CLOAUBSIDWUP06;opsidiasaubvc01-adm.bagnolet.francetelecom.fr
id-fr-formpriv2-a;PoweredOn;EUI - FORMULAIRE MOBILE - FR;10.234.107.221, 10.234.96.215, 172.21.45.159;10.234.96.0/26;00:50:56:b2:55:ea, 00:50:56:b2:24:82, 00:50:56:b2:29:78, 00:50:56:b2:0d:87;172.21.45.250, 172.21.45.159, 10.234.107.254, 10.234.96.160;4;10.98.198.209, 10.98.149.201, 10.98.91.71;e1000;Production AD, Production DE, Production DI, Production PR;opsidwup6esx1a.bagnolet.francetelecom.fr;HostSystem-host-547;CLOAUBSIDWUP06;opsidiasaubvc01-adm.bagnolet.francetelecom.fr
opsidtest2a;PoweredOn;SOCLE IDENTITE - EXPLOITATION;10.234.107.54, 10.234.107.53;;00:50:56:8d:84:90, 00:50:56:8d:5c:49, 00:50:56:8d:ec:b1;10.234.107.254;3;10.114.134.61;Vmxnet3;Production AD, Production DI, Production PR;opsidwup6esx1a.bagnolet.francetelecom.fr;HostSystem-host-547;CLOAUBSIDWUP06;opsidiasaubvc01-adm.bagnolet.francetelecom.fr
