"Name","PowerState","VMHost","PortGroup","IPAddress","SubnetMask","MacAddress","Gateway","TotalNics","NicType","DNS"
"uasmqwas01m","PoweredOn","uasidwup1esx3m.intranet-paris.francetelecom.fr","VM ADM 1596, VM PRI 1380, VM PRV 1824","10.111.132.89, 10.107.211.134, 10.70.118.60","10.70.118.0/25 10.111.132.0/25","00:50:56:9d:04:46, 00:50:56:9d:a7:d2, 00:50:56:9d:9e:22","10.107.211.129, 10.111.132.126","3","Vmxnet3","10.70.118.43, 10.70.118.44, 10.114.138.89"
"uawtrwtpriv2m","PoweredOn","uasidwup1esx3m.intranet-paris.francetelecom.fr","VM ADM 1596, VM PRI 1381, VM PRV 1824","10.111.132.70, 10.114.16.82, 10.70.118.59","10.70.118.0/25 10.111.132.0/25","00:50:56:a8:38:56, 00:50:56:a8:39:57, 00:50:56:a8:77:49","10.111.132.126, 10.114.16.94","3","Vmxnet3","10.111.132.53, 10.111.132.54, 10.114.134.61"
"uaoutmmmgt1m","PoweredOn","uasidwup1esx3m.intranet-paris.francetelecom.fr","VM ADM 1596, Install Network, VM PRI 1380, VM PRV 1824","10.111.132.29, 10.107.211.155, 10.70.118.21","10.70.118.0/25 10.111.132.0/25","00:50:56:a8:4f:ea, 00:50:56:a8:4d:24, 00:50:56:a8:6f:2b, 00:50:56:a8:31:67","10.111.132.126, 10.107.211.129","4","e1000","10.70.118.43, 10.70.118.44, 10.114.134.61"
"uaoutmmoutdbr1m","PoweredOn","uasidwup1esx3m.intranet-paris.francetelecom.fr","VM ADM 1596, Install Network, VM PRI 1380, VM PRV 1824","10.111.132.31, 10.107.211.157, 10.70.118.23","10.70.118.0/25 10.111.132.0/25","00:50:56:a8:8b:e5, 00:50:56:a8:cc:e8, 00:50:56:a8:fa:82, 00:50:56:a8:2b:ea","10.111.132.126, 10.107.211.129","4","e1000","10.70.118.43, 10.70.118.44, 10.114.134.61"
"uasidcrt01m","PoweredOn","uasidwup1esx3m.intranet-paris.francetelecom.fr","VM ADM 1596, VM PRI 1380","10.111.132.38, 10.107.211.163","10.111.132.0/25","00:50:56:a8:b6:55, 00:50:56:83:e7:fd","10.111.132.126","2","Vmxnet3","10.111.132.53, 10.111.132.54, 10.114.138.89"
"uasiddnswupp1m","PoweredOn","uasidwup1esx3m.intranet-paris.francetelecom.fr","VM ADM 1596, VM PRI 1380, VM PRV 1824","10.111.132.53, 10.107.211.177, 10.70.118.43","10.70.118.0/25 10.111.132.0/25","00:50:56:a8:45:ee, 00:50:56:a8:0b:c4, 00:50:56:a8:6f:13","10.111.132.126","3","e1000","10.70.118.43, 10.70.118.44, 10.114.134.61"
"uaoutmmenrol1m","PoweredOn","uasidwup1esx3m.intranet-paris.francetelecom.fr","VM ADM 1596, Install Network, VM PRI 1380, VM PRV 1824","10.111.132.30, 10.107.211.156, 10.70.118.22","10.70.118.0/25 10.111.132.0/25","00:50:56:a8:ed:2b, 00:50:56:a8:29:83, 00:50:56:a8:cc:01, 00:50:56:a8:f5:43","10.111.132.126, 10.107.211.129","4","e1000","10.70.118.43, 10.70.118.44, 10.114.134.61"
"uaoutmmauthsrv1m","PoweredOn","uasidwup1esx3m.intranet-paris.francetelecom.fr","VM ADM 1596, Install Network, VM PRI 1380, VM PRV 1824","10.111.132.34, 10.107.211.160, 10.70.118.26","10.70.118.0/25 10.111.132.0/25","00:50:56:a8:80:c3, 00:50:56:a8:f1:2d, 00:50:56:a8:c5:8b, 00:50:56:a8:95:1f","10.111.132.126, 10.107.211.129","4","e1000","10.70.118.43, 10.70.118.44, 10.114.134.61"
"uawupfrpriv1m","PoweredOn","uasidwup1esx4m.intranet-paris.francetelecom.fr","VM ADM 1596, VM PRI 1380, VM PRV 1824","10.111.132.28, 10.107.211.154, 10.70.118.20","10.70.118.0/25 10.111.132.0/25","00:50:56:a8:c7:ad, 00:50:56:a8:4a:5c, 00:50:56:a8:14:bb","10.107.211.129, 10.70.118.126, 10.111.132.126","3","Vmxnet3","10.114.134.61, 10.111.132.53, 10.111.132.54"
"uasmqwas02m","PoweredOn","uasidwup1esx4m.intranet-paris.francetelecom.fr","VM ADM 1596, VM PRI 1380, VM PRV 1824","10.111.132.90, 10.107.211.135, 10.70.118.61","10.70.118.0/25 10.111.132.0/25","00:50:56:83:b3:46, 00:50:56:83:97:20, 00:50:56:83:e5:a9","10.107.211.129, 10.111.132.126","3","Vmxnet3","10.70.118.43, 10.70.118.44, 10.114.138.89"
"uasmqdb02m","PoweredOn","uasidwup1esx4m.intranet-paris.francetelecom.fr","VM ADM 1596, VM PRI 1380, VM PRV 1824","10.111.132.92, 10.107.211.137, 10.70.118.63","10.70.118.0/25 10.111.132.0/25","00:50:56:83:2c:6d, 00:50:56:83:2e:eb, 00:50:56:83:39:fb","10.107.211.129, 10.111.132.126","3","Vmxnet3","10.70.118.43, 10.114.138.89"
"uaevgfrws02m","PoweredOn","uasidwup1esx1m.intranet-paris.francetelecom.fr","VM ADM 1596, VM PRI 1380, VM PRV 1824","10.111.132.68, 10.107.211.187, 10.70.118.57","10.70.118.0/25 10.111.132.0/25","00:50:56:9d:bd:13, 00:50:56:9d:36:8f, 00:50:56:9d:28:d6","10.107.211.129, 10.111.132.126","3","Vmxnet3","10.70.118.43, 10.70.118.44, 10.114.138.89"
"uaevgfrws03m","PoweredOn","uasidwup1esx1m.intranet-paris.francetelecom.fr","VM ADM 1596, VM PRI 1380, VM PRV 1824","10.111.132.66, 10.107.211.189, 10.70.118.55","10.70.118.0/25 10.111.132.0/25","00:50:56:9d:35:13, 00:50:56:9d:ca:38, 00:50:56:9d:9e:4b","10.107.211.129, 10.111.132.126","3","Vmxnet3","10.70.118.43, 10.70.118.44, 10.114.138.89"
"uawtrwtpriv1m","PoweredOn","uasidwup1esx1m.intranet-paris.francetelecom.fr","VM ADM 1596, VM PRI 1381, VM PRV 1824","10.111.132.64, 10.114.16.81, 10.70.118.53","10.70.118.0/25 10.111.132.0/25","00:50:56:a8:72:90, 00:50:56:a8:3a:15, 00:50:56:a8:0f:16","10.111.132.126, 10.114.16.94","3","Vmxnet3","10.111.132.53, 10.111.132.54, 10.114.134.61"
"uaoutmmaccdbc1m","PoweredOn","uasidwup1esx1m.intranet-paris.francetelecom.fr","VM ADM 1596, Install Network, VM PRI 1380, VM PRV 1824","10.111.132.58, 10.107.211.182, 10.70.118.48","10.70.118.0/25 10.111.132.0/25","00:50:56:a8:78:18, 00:50:56:a8:2a:6a, 00:50:56:a8:da:33, 00:50:56:a8:69:ba","10.111.132.126, 10.107.211.129","4","e1000","10.70.118.43, 10.70.118.44, 10.114.134.61"
"uawupfrpriv4m","PoweredOn","uasidwup1esx1m.intranet-paris.francetelecom.fr","VM ADM 1596, VM PRI 1380, VM PRV 1824","10.111.132.57, 10.107.211.181, 10.70.118.47","10.70.118.0/25 10.111.132.0/25","00:50:56:a8:96:ab, 00:50:56:a8:63:7c, 00:50:56:a8:83:61","10.70.118.126, 10.111.132.126, 10.107.211.129","3","Vmxnet3","10.111.132.53, 10.111.132.54, 10.114.134.61"
"uaoutmmopenid1m","PoweredOn","uasidwup1esx1m.intranet-paris.francetelecom.fr","VM ADM 1596, Install Network, VM PRI 1380, VM PRV 1824","10.111.132.33, 10.107.211.159, 10.70.118.25","10.70.118.0/25 10.111.132.0/25","00:50:56:a8:e8:d1, 00:50:56:a8:a7:ef, 00:50:56:a8:8e:ca, 00:50:56:a8:dc:17","10.111.132.126, 10.107.211.129","4","e1000","10.70.118.43, 10.70.118.44, 10.114.134.61"
"uawupfrpriv2m","PoweredOn","uasidwup1esx1m.intranet-paris.francetelecom.fr","VM ADM 1596, VM PRI 1380, VM PRV 1824","10.111.132.55, 10.107.211.179, 10.70.118.45","10.70.118.0/25 10.111.132.0/25","00:50:56:a8:5f:19, 00:50:56:a8:f6:ad, 00:50:56:a8:47:41","10.70.118.126, 10.111.132.126, 10.107.211.129","3","Vmxnet3","10.111.132.53, 10.111.132.54, 10.114.134.61"
"uawupmmpriv1m","PoweredOn","uasidwup1esx1m.intranet-paris.francetelecom.fr","VM ADM 1596, Install Network, VM PRI 1380, VM PRV 1824","10.111.132.47, fe80::250:56ff:fea8:f793, 10.107.211.173, fe80::250:56ff:fea8:92f1, 10.70.118.39, fe80::250:56ff:fea8:90e4","10.70.118.0/25 10.111.132.0/25","00:50:56:a8:f7:93, 00:50:56:83:7e:5a, 00:50:56:a8:92:f1, 00:50:56:a8:90:e4","10.111.132.126, 10.107.211.129","4","Flexible","172.21.45.129, 172.21.45.130, 10.234.18.153"
"uasidtest1m","PoweredOn","uasidwup1esx1m.intranet-paris.francetelecom.fr","VM ADM 1596, VM PRI 1380, VM PRV 1824","10.111.132.71, 10.107.211.162","10.111.132.0/25","00:50:56:a8:19:2a, 00:50:56:a8:de:c0, 00:50:56:a8:7a:9d","10.107.211.129, 10.111.132.126","3","e1000","10.111.132.53, 10.111.132.54"
"uasahfrws1m","PoweredOn","uasidwup1esx1m.intranet-paris.francetelecom.fr","VM ADM 1596, VM PRI 1380, VM PRV 1824","10.111.132.41, 10.107.211.167, 10.70.118.33","10.70.118.0/25 10.111.132.0/25","00:50:56:a8:a1:e9, 00:50:56:a8:b4:c5, 00:50:56:a8:a1:09","10.70.118.126, 10.111.132.126, 10.107.211.129","3","Vmxnet3","10.111.132.53, 10.111.132.54, 10.114.138.89"
"uaevgfrdb03m","PoweredOn","uasidwup1esx2m.intranet-paris.francetelecom.fr","VM ADM 1596, VM PRI 1380, VM PRV 1824","10.111.132.67, 10.107.211.190, 10.70.118.56","10.70.118.0/25 10.111.132.0/25","00:50:56:9d:f6:78, 00:50:56:9d:83:4f, 00:50:56:9d:36:06","10.107.211.129, 10.111.132.126","3","Vmxnet3","10.70.118.43, 10.70.118.44, 10.114.138.89"
"uaevgfrdb02m","PoweredOn","uasidwup1esx2m.intranet-paris.francetelecom.fr","VM ADM 1596, VM PRI 1380, VM PRV 1824","10.111.132.69, 10.107.211.188, 10.70.118.58","10.70.118.0/25 10.111.132.0/25","00:50:56:9d:02:40, 00:50:56:9d:6f:7d, 00:50:56:9d:77:b5","10.107.211.129, 10.111.132.126","3","Vmxnet3","10.70.118.43, 10.70.118.44, 10.114.138.89"
"uasiddnswupp2m","PoweredOn","uasidwup1esx2m.intranet-paris.francetelecom.fr","VM ADM 1596, VM PRI 1380, VM PRV 1824","10.111.132.54, 10.107.211.178, 10.70.118.44","10.70.118.0/25 10.111.132.0/25","00:50:56:a8:2f:9d, 00:50:56:a8:4a:eb, 00:50:56:a8:fb:c8","10.111.132.126","3","Vmxnet3","10.70.118.43, 10.70.118.44, 10.114.134.61"
"uaoutmmoutdbc1m","PoweredOn","uasidwup1esx2m.intranet-paris.francetelecom.fr","VM ADM 1596, Install Network, VM PRI 1380, VM PRV 1824","10.111.132.32, 10.107.211.158, 10.70.118.24","10.70.118.0/25 10.111.132.0/25","00:50:56:a8:83:b7, 00:50:56:a8:8f:c0, 00:50:56:a8:3d:5b, 00:50:56:a8:2b:37","10.111.132.126, 10.107.211.129","4","e1000","10.70.118.43, 10.70.118.44, 10.114.134.61"
"uawupfrpriv3m","PoweredOn","uasidwup1esx2m.intranet-paris.francetelecom.fr","VM ADM 1596, VM PRI 1380, VM PRV 1824","10.111.132.56, 10.107.211.180, 10.70.118.46","10.70.118.0/25 10.111.132.0/25","00:50:56:a8:b1:fe, 00:50:56:a8:94:62, 00:50:56:a8:5c:2f","10.70.118.126, 10.111.132.126, 10.107.211.129","3","Vmxnet3","10.111.132.53, 10.111.132.54, 10.114.134.61"
"uaoutmmaccdbr1m","PoweredOn","uasidwup1esx2m.intranet-paris.francetelecom.fr","VM ADM 1596, Install Network, VM PRI 1380, VM PRV 1824","10.111.132.35, 10.107.211.161, 10.70.118.27","10.70.118.0/25 10.111.132.0/25","00:50:56:a8:9e:97, 00:50:56:a8:e1:72, 00:50:56:a8:c0:6f, 00:50:56:a8:c7:70","10.111.132.126, 10.107.211.129","4","e1000","10.70.118.43, 10.70.118.44, 10.114.134.61"
"uasmqdb01m","PoweredOn","uasidwup1esx2m.intranet-paris.francetelecom.fr","VM ADM 1596, VM PRI 1380, VM PRV 1824","10.111.132.91, 10.107.211.136, 10.70.118.62","10.70.118.0/25 10.111.132.0/25","00:50:56:83:8d:85, 00:50:56:83:65:4c, 00:50:56:83:ea:3a","10.107.211.129, 10.111.132.126","3","Vmxnet3","10.70.118.43, 10.114.138.89"
"opwupfrpriv35m","PoweredOn","opsidwup5esx10m.intranet-paris.francetelecom.fr","VM ADM 1592, VM PRI 1376, VM PRV 1815","10.111.142.95, 10.107.222.39, 10.70.116.134","10.70.116.0/23 10.107.222.0/23 10.111.142.0/23","00:50:56:96:2f:74, 00:50:56:96:2f:75, 00:50:56:96:2f:76","10.70.117.254, 10.111.143.254, 10.107.223.254","3","Vmxnet3","10.70.116.3, 10.70.116.4, 10.114.134.61"
"opwupfrpriv27m","PoweredOn","opsidwup5esx10m.intranet-paris.francetelecom.fr","VM ADM 1592, VM PRI 1376, VM PRV 1815","10.111.142.87, 10.107.222.31, 10.70.116.126","10.70.116.0/23 10.107.222.0/23 10.111.142.0/23","00:50:56:96:2f:5c, 00:50:56:96:2f:5d, 00:50:56:96:2f:5e","10.70.117.254, 10.111.143.254, 10.107.223.254","3","Vmxnet3","10.70.116.3, 10.70.116.4, 10.114.134.61"
"opwupfrpriv19m","PoweredOn","opsidwup5esx10m.intranet-paris.francetelecom.fr","VM ADM 1592, VM PRI 1376, VM PRV 1815","10.111.142.79, 10.107.222.23, 10.70.116.118","10.70.116.0/23 10.107.222.0/23 10.111.142.0/23","00:50:56:96:2f:44, 00:50:56:96:2f:45, 00:50:56:96:2f:46","10.70.117.254, 10.111.143.254, 10.107.223.254","3","Vmxnet3","10.70.116.3, 10.70.116.4, 10.114.134.61"
"opsiddbaadm01m","PoweredOn","opsidwup5esx12m.intranet-paris.francetelecom.fr","Production AD, Production DI, VM PRV 1815","10.96.101.8, fe80::250:56ff:fe9d:df04, 10.98.47.45, fe80::250:56ff:fe9d:1558, 10.70.116.140, fe80::250:56ff:fe9d:e966","10.98.47.0/25 10.96.101.0/24 10.70.116.0/23","00:50:56:9d:df:04, 00:50:56:9d:15:58, 00:50:56:9d:e9:66","10.96.101.254, 10.98.47.126","3","Vmxnet3","10.70.116.3, 10.70.116.4, 10.114.134.61"
"opwupfrpriv9m","PoweredOn","opsidwup5esx12m.intranet-paris.francetelecom.fr","VM ADM 1592, VM PRI 1376, VM PRV 1815","10.111.142.69, 10.107.222.13, 10.70.116.108","10.70.116.0/23 10.107.222.0/23 10.111.142.0/23","00:50:56:96:2f:26, 00:50:56:96:2f:27, 00:50:56:96:2f:28","10.70.117.254, 10.111.143.254, 10.107.223.254","3","Vmxnet3","10.70.116.3, 10.70.116.4, 10.114.134.61"
"opwupfrpriv23m","PoweredOn","opsidwup5esx6m.intranet-paris.francetelecom.fr","VM ADM 1592, VM PRI 1376, VM PRV 1815","10.111.142.83, 10.107.222.27, 10.70.116.122","10.70.116.0/23 10.107.222.0/23 10.111.142.0/23","00:50:56:96:2f:50, 00:50:56:96:2f:51, 00:50:56:96:2f:52","10.70.117.254, 10.111.143.254, 10.107.223.254","3","Vmxnet3","10.70.116.3, 10.70.116.4, 10.114.134.61"
"opwupfrpriv1m","PoweredOn","opsidwup5esx6m.intranet-paris.francetelecom.fr","VM ADM 1592, VM PRI 1376, VM PRV 1815","10.111.142.61, 10.107.222.5, 10.70.116.100","10.70.116.0/23 10.107.222.0/23 10.111.142.0/23","00:50:56:96:2f:0e, 00:50:56:96:2f:0f, 00:50:56:96:2f:10","10.70.117.254, 10.111.143.254, 10.107.223.254","3","Vmxnet3","10.70.116.3, 10.70.116.4, 10.114.134.61"
"opevgfrws01m","PoweredOn","opsidwup5esx6m.intranet-paris.francetelecom.fr","VM ADM 1592, VM PRI 1376, VM PRV 1815","10.111.142.54, 10.107.222.50, 10.70.116.10","10.70.116.0/23 10.107.222.0/23 10.111.142.0/23","00:50:56:a8:9a:fb, 00:50:56:a8:a8:75, 00:50:56:a8:55:e1","10.107.223.254, 10.111.143.254","3","Vmxnet3","10.70.116.3, 10.70.116.4, 10.114.134.61"
"opwupfrpriv37m","PoweredOn","opsidwup5esx8m.intranet-paris.francetelecom.fr","VM ADM 1592, VM PRI 1376, VM PRV 1815","10.111.142.97, 10.107.222.41, 10.70.116.136","10.70.116.0/23 10.107.222.0/23 10.111.142.0/23","00:50:56:96:2f:7a, 00:50:56:96:2f:7b, 00:50:56:96:2f:7c","10.70.117.254, 10.111.143.254, 10.107.223.254","3","Vmxnet3","10.70.116.3, 10.70.116.4, 10.114.134.61"
"opwupfrpriv21m","PoweredOn","opsidwup5esx8m.intranet-paris.francetelecom.fr","VM ADM 1592, VM PRI 1376, VM PRV 1815","10.111.142.81, 10.107.222.25, 10.70.116.120","10.70.116.0/23 10.107.222.0/23 10.111.142.0/23","00:50:56:96:2f:4a, 00:50:56:96:2f:4b, 00:50:56:96:2f:4c","10.70.117.254, 10.111.143.254, 10.107.223.254","3","Vmxnet3","10.70.116.3, 10.70.116.4, 10.114.134.61"
"opwupfrpriv11m","PoweredOn","opsidwup5esx8m.intranet-paris.francetelecom.fr","VM ADM 1592, VM PRI 1376, VM PRV 1815","10.111.142.71, 10.107.222.15, 10.70.116.110","10.70.116.0/23 10.107.222.0/23 10.111.142.0/23","00:50:56:96:2f:2c, 00:50:56:96:2f:2d, 00:50:56:96:2f:2e","10.70.117.254, 10.111.143.254, 10.107.223.254","3","Vmxnet3","10.70.116.3, 10.70.116.4, 10.114.134.61"
"opwtrwtpriv9m","PoweredOn","opsidwup5esx8m.intranet-paris.francetelecom.fr","VM ADM 1592, VM PRI 1278, VM PRV 1815","10.111.142.48, 10.117.17.137, 10.70.116.82","10.70.116.0/23 10.111.142.0/23","00:50:56:96:10:96, 00:50:56:96:10:97, 00:50:56:96:10:98","10.111.143.254, 10.117.17.190","3","Vmxnet3","10.70.116.3, 10.70.116.4, 10.114.134.61"
"opwupfrpriv3m","PoweredOn","opsidwup5esx3m.intranet-paris.francetelecom.fr","VM ADM 1592, VM PRI 1376, VM PRV 1815","10.111.142.63, 10.107.222.7, 10.70.116.102","10.70.116.0/23 10.107.222.0/23 10.111.142.0/23","00:50:56:96:2f:14, 00:50:56:96:2f:15, 00:50:56:96:2f:16","10.70.117.254, 10.111.143.254, 10.107.223.254","3","Vmxnet3","10.70.116.3, 10.70.116.4, 10.114.134.61"
"opwtrwtpriv7m","PoweredOn","opsidwup5esx3m.intranet-paris.francetelecom.fr","VM ADM 1592, VM PRI 1278, VM PRV 1815","10.111.142.46, 10.117.17.135, 10.70.116.80","10.70.116.0/23 10.111.142.0/23","00:50:56:96:10:90, 00:50:56:96:10:91, 00:50:56:96:10:92","10.111.143.254, 10.117.17.190","3","Vmxnet3","10.70.116.3, 10.70.116.4, 10.114.134.61"
"opwupfrpriv31m","PoweredOn","opsidwup5esx3m.intranet-paris.francetelecom.fr","VM ADM 1592, VM PRI 1376, VM PRV 1815","10.111.142.91, 10.107.222.35, 10.70.116.130","10.70.116.0/23 10.107.222.0/23 10.111.142.0/23","00:50:56:96:2f:68, 00:50:56:96:2f:69, 00:50:56:96:2f:6a","10.70.117.254, 10.111.143.254, 10.107.223.254","3","Vmxnet3","10.70.116.3, 10.70.116.4, 10.114.134.61"
"opsmqwas03m","PoweredOn","opsidwup5esx3m.intranet-paris.francetelecom.fr","VM ADM 1592, VM PRI 1376, VM PRV 1815","10.111.142.244, 10.107.222.82, 10.70.116.23","10.70.116.0/23 10.107.222.0/23 10.111.142.0/23","00:50:56:83:9a:77, 00:50:56:83:7c:ec, 00:50:56:83:fb:2c","10.107.223.254, 10.111.143.254","3","Vmxnet3","10.70.116.4, 10.70.116.5, 10.98.228.145"
"opwupfrpriv29m","PoweredOn","opsidwup5esx5m.intranet-paris.francetelecom.fr","VM ADM 1592, VM PRI 1376, VM PRV 1815","10.111.142.89, 10.107.222.33, 10.70.116.128","10.70.116.0/23 10.107.222.0/23 10.111.142.0/23","00:50:56:96:2f:62, 00:50:56:96:2f:63, 00:50:56:96:2f:64","10.70.117.254, 10.111.143.254, 10.107.223.254","3","Vmxnet3","10.70.116.3, 10.70.116.4, 10.114.134.61"
"opwupfrpriv15m","PoweredOn","opsidwup5esx5m.intranet-paris.francetelecom.fr","VM ADM 1592, VM PRI 1376, VM PRV 1815","10.111.142.75, 10.107.222.19, 10.70.116.114","10.70.116.0/23 10.107.222.0/23 10.111.142.0/23","00:50:56:96:2f:38, 00:50:56:96:2f:39, 00:50:56:96:2f:3a","10.70.117.254, 10.111.143.254, 10.107.223.254","3","Vmxnet3","10.70.116.3, 10.70.116.4, 10.114.134.61"
"opwupfrpriv33m","PoweredOn","opsidwup5esx11m.intranet-paris.francetelecom.fr","VM ADM 1592, VM PRI 1376, VM PRV 1815","10.111.142.93, 10.107.222.37, 10.70.116.132","10.70.116.0/23 10.107.222.0/23 10.111.142.0/23","00:50:56:96:2f:6e, 00:50:56:96:2f:6f, 00:50:56:96:2f:70","10.70.117.254, 10.111.143.254, 10.107.223.254","3","Vmxnet3","10.70.116.3, 10.70.116.4, 10.114.134.61"
"opwupfrpriv7m","PoweredOn","opsidwup5esx11m.intranet-paris.francetelecom.fr","VM ADM 1592, VM PRI 1376, VM PRV 1815","10.111.142.67, 10.107.222.11, 10.70.116.106","10.70.116.0/23 10.107.222.0/23 10.111.142.0/23","00:50:56:96:2f:20, 00:50:56:96:2f:21, 00:50:56:96:2f:22","10.70.117.254, 10.111.143.254, 10.107.223.254","3","Vmxnet3","10.70.116.3, 10.70.116.4, 10.114.134.61"
"opwtrwtpriv1m","PoweredOn","opsidwup5esx11m.intranet-paris.francetelecom.fr","VM ADM 1592, VM PRI 1278, VM PRV 1815","10.111.142.40, 10.117.17.129, 10.70.116.74","10.70.116.0/23 10.111.142.0/23","00:50:56:a8:16:5e, 00:50:56:a8:9c:11, 00:50:56:a8:ad:7d","10.111.143.254, 10.117.17.190","3","Vmxnet3","10.70.116.4, 10.70.116.3, 10.114.138.89"
"opevgfrws03m","PoweredOn","opsidwup5esx11m.intranet-paris.francetelecom.fr","VM ADM 1592, VM PRI 1376, VM PRV 1815","10.111.142.56, 10.107.222.52, 10.70.116.12","10.70.116.0/23 10.107.222.0/23 10.111.142.0/23","00:50:56:a8:a1:fa, 00:50:56:a8:ae:2e, 00:50:56:a8:08:63","10.107.223.254, 10.111.143.254","3","Vmxnet3","10.70.116.3, 10.70.116.4, 10.114.134.61"
"opwupfrpriv13m","PoweredOn","opsidwup5esx1m.intranet-paris.francetelecom.fr","VM ADM 1592, VM PRI 1376, VM PRV 1815","10.111.142.73, 10.107.222.17, 10.70.116.112","10.70.116.0/23 10.107.222.0/23 10.111.142.0/23","00:50:56:96:2f:32, 00:50:56:96:2f:33, 00:50:56:96:2f:34","10.70.117.254, 10.111.143.254, 10.107.223.254","3","Vmxnet3","10.70.116.3, 10.70.116.4, 10.114.134.61"
"opwtrwtpriv5m","PoweredOn","opsidwup5esx1m.intranet-paris.francetelecom.fr","VM ADM 1592, VM PRI 1278, VM PRV 1815","10.111.142.44, 10.117.17.133, 10.70.116.78","10.70.116.0/23 10.111.142.0/23","00:50:56:96:10:8a, 00:50:56:96:10:8b, 00:50:56:96:10:8c","10.111.143.254, 10.117.17.190","3","Vmxnet3","10.98.25.41, 10.98.6.7, 10.114.138.89"
"opsahfrws1m","PoweredOn","opsidwup5esx9m.intranet-paris.francetelecom.fr","VM ADM 1592, VM PRI 1376, VM PRV 1815","10.111.142.30, 10.107.222.45, 10.70.116.5","10.70.116.0/23 10.107.222.0/23 10.111.142.0/23","00:50:56:96:4c:51, 00:50:56:96:4c:52, 00:50:56:96:4c:53","10.70.117.254, 10.111.143.254, 10.107.223.254","3","Vmxnet3","10.70.116.4, 10.70.116.3, 10.114.138.89"
"opsmqwas04m","PoweredOn","opsidwup5esx9m.intranet-paris.francetelecom.fr","VM ADM 1592, VM PRI 1376, VM PRV 1815","10.111.142.245, 10.107.222.83, 10.70.116.24","10.70.116.0/23 10.107.222.0/23 10.111.142.0/23","00:50:56:83:55:e7, 00:50:56:83:10:70, 00:50:56:83:fb:7d","10.107.223.254, 10.111.143.254","3","Vmxnet3","10.70.116.4, 10.70.116.5, 10.98.228.145"
"opsmqwas02m","PoweredOn","opsidwup5esx9m.intranet-paris.francetelecom.fr","VM ADM 1592, VM PRI 1376, VM PRV 1815","10.111.142.243, 10.107.222.81, 10.70.116.22","10.70.116.0/23 10.107.222.0/23 10.111.142.0/23","00:50:56:83:d5:94, 00:50:56:83:45:06, 00:50:56:83:b6:87","10.107.223.254, 10.111.143.254","3","Vmxnet3","10.70.116.4, 10.70.116.5, 10.98.228.145"
"opsidtest3m","PoweredOn","opsidwup5esx9m.intranet-paris.francetelecom.fr","VM ADM 1592, VM PRI 1278, VM PRV 1815","2.2.2.2, 3.3.3.3, 1.1.1.1","2.2.2.0/23","00:50:56:a8:c2:03, 00:50:56:a8:10:80, 00:50:56:a8:e0:38","-","3","Vmxnet3","10.70.116.3, 10.70.116.4, 10.114.134.61"
"opwupfrpriv17m","PoweredOn","opsidwup5esx9m.intranet-paris.francetelecom.fr","VM ADM 1592, VM PRI 1376, VM PRV 1815","10.111.142.77, 10.107.222.21, 10.70.116.116","10.70.116.0/23 10.107.222.0/23 10.111.142.0/23","00:50:56:96:2f:3e, 00:50:56:96:2f:3f, 00:50:56:96:2f:40","10.70.117.254, 10.111.143.254, 10.107.223.254","3","Vmxnet3","10.70.116.3, 10.70.116.4, 10.114.134.61"
"opsidncwupp2m","PoweredOn","opsidwup5esx2m.intranet-paris.francetelecom.fr","VM ADM 1592, Install Network","10.111.142.32, 10.70.112.193","10.111.142.0/23","00:50:56:a8:ac:77, 00:50:56:a8:da:d8","10.111.143.254, 10.70.112.193","2","Vmxnet3","10.70.116.4, 10.70.116.3, 10.114.138.89"
"opwupfrpriv39m","PoweredOn","opsidwup5esx2m.intranet-paris.francetelecom.fr","VM ADM 1592, VM PRI 1376, VM PRV 1815","10.111.142.99, 10.107.222.43, 10.70.116.138","10.70.116.0/23 10.107.222.0/23 10.111.142.0/23","00:50:56:96:2f:80, 00:50:56:96:2f:81, 00:50:56:96:2f:82","10.70.117.254, 10.111.143.254, 10.107.223.254","3","Vmxnet3","10.70.116.3, 10.70.116.4, 10.114.134.61"
"opsahfrws3m","PoweredOn","opsidwup5esx2m.intranet-paris.francetelecom.fr","VM ADM 1592, VM PRI 1376, VM PRV 1815","10.111.142.235, 10.107.222.76, 10.70.116.17","10.70.116.0/23 10.107.222.0/23 10.111.142.0/23","00:50:56:a8:f1:93, 00:50:56:a8:57:f9, 00:50:56:a8:33:1b","10.70.117.254, 10.111.143.254, 10.107.223.254","3","Vmxnet3","10.70.116.4, 10.70.116.3, 10.114.138.89"
"opevgfrdb03m","PoweredOn","opsidwup5esx2m.intranet-paris.francetelecom.fr","VM ADM 1592, VM PRI 1376, VM PRV 1815","10.111.142.53, 10.107.222.49, 10.70.116.9","10.70.116.0/23 10.107.222.0/23 10.111.142.0/23","00:50:56:a8:67:ce, 00:50:56:a8:66:d6, 00:50:56:a8:44:01","10.107.223.254, 10.111.143.254","3","Vmxnet3","10.70.116.3, 10.70.116.4, 10.114.134.61"
"opwupfrpriv25m","PoweredOn","opsidwup5esx4m.intranet-paris.francetelecom.fr","VM ADM 1592, VM PRI 1376, VM PRV 1815","10.111.142.85, 10.107.222.29, 10.70.116.124","10.70.116.0/23 10.107.222.0/23 10.111.142.0/23","00:50:56:96:2f:56, 00:50:56:96:2f:57, 00:50:56:96:2f:58","10.70.117.254, 10.111.143.254, 10.107.223.254","3","Vmxnet3","10.70.116.3, 10.70.116.4, 10.114.134.61"
"opwtrwtpriv3m","PoweredOn","opsidwup5esx4m.intranet-paris.francetelecom.fr","VM ADM 1592, VM PRI 1278, VM PRV 1815","10.111.142.42, 10.117.17.131, 10.70.116.76","10.70.116.0/23 10.111.142.0/23","00:50:56:96:10:84, 00:50:56:96:10:85, 00:50:56:96:10:86","10.111.143.254, 10.117.17.190","3","Vmxnet3","10.70.116.3, 10.70.116.4, 10.114.134.61"
"opwupfrpriv5m","PoweredOn","opsidwup5esx7m.intranet-paris.francetelecom.fr","VM ADM 1592, VM PRI 1376, VM PRV 1815","10.111.142.65, 10.107.222.9, 10.70.116.104","10.70.116.0/23 10.107.222.0/23 10.111.142.0/23","00:50:56:96:2f:1a, 00:50:56:96:2f:1b, 00:50:56:96:2f:1c","10.70.117.254, 10.111.143.254, 10.107.223.254","3","Vmxnet3","10.70.116.3, 10.70.116.4, 10.114.134.61"
"opsiddnswupp1m","PoweredOn","opsidwup5esx7m.intranet-paris.francetelecom.fr","VM ADM 1592, VM PRI 1376, VM PRV 1815","10.111.142.33, 10.107.222.3, 10.70.116.3","10.70.116.0/23 10.107.222.0/23 10.111.142.0/23","00:50:56:96:22:6c, 00:50:56:96:22:6d, 00:50:56:96:22:6e","10.111.143.254, 10.107.223.254","3","Vmxnet3","10.70.116.3, 10.70.116.4, 10.114.134.61"
"opevgfrdb01m","PoweredOn","opsidwup5esx7m.intranet-paris.francetelecom.fr","VM ADM 1592, VM PRI 1376, VM PRV 1815","10.111.142.51, 10.107.222.47, 10.70.116.7","10.70.116.0/23 10.107.222.0/23 10.111.142.0/23","00:50:56:a8:89:5a, 00:50:56:a8:94:d4, 00:50:56:a8:fe:b3","10.107.223.254, 10.70.117.254, 10.111.143.254","3","Vmxnet3","10.70.116.3, 10.70.116.4, 10.114.134.61"
"opwupfrpriv18m","PoweredOn","opsidwup6esx2m.intranet-paris.francetelecom.fr","VM ADM 1592, VM PRI 1376, VM PRV 1815","10.111.142.78, 10.107.222.22, 10.70.116.117","10.70.116.0/23 10.107.222.0/23 10.111.142.0/23","00:50:56:96:2f:41, 00:50:56:96:2f:42, 00:50:56:96:2f:43","10.70.117.254, 10.111.143.254, 10.107.223.254","3","Vmxnet3","10.70.116.4, 10.70.116.3, 10.114.138.89"
"opwtrwtpriv2m","PoweredOn","opsidwup6esx2m.intranet-paris.francetelecom.fr","VM ADM 1592, VM PRI 1278, VM PRV 1815","10.111.142.41, 10.117.17.130, 10.70.116.75","10.70.116.0/23 10.111.142.0/23","00:50:56:96:10:81, 00:50:56:96:10:82, 00:50:56:96:10:83","10.111.143.254, 10.117.17.190","3","Vmxnet3","10.70.116.4, 10.70.116.3, 10.114.138.89"
"opwupfrpriv22m","PoweredOn","opsidwup6esx2m.intranet-paris.francetelecom.fr","VM ADM 1592, VM PRI 1376, VM PRV 1815","10.111.142.82, 10.107.222.26, 10.70.116.121","10.70.116.0/23 10.107.222.0/23 10.111.142.0/23","00:50:56:96:2f:4d, 00:50:56:96:2f:4e, 00:50:56:96:2f:4f","10.70.117.254, 10.111.143.254, 10.107.223.254","3","Vmxnet3","10.70.116.4, 10.70.116.3, 10.114.138.89"
"opwupfrpriv14m","PoweredOn","opsidwup6esx4m.intranet-paris.francetelecom.fr","VM ADM 1592, VM PRI 1376, VM PRV 1815","10.111.142.74, 10.107.222.18, 10.70.116.113","10.70.116.0/23 10.107.222.0/23 10.111.142.0/23","00:50:56:96:2f:35, 00:50:56:96:2f:36, 00:50:56:96:2f:37","10.70.117.254, 10.111.143.254, 10.107.223.254","3","Vmxnet3","10.70.116.4, 10.70.116.3, 10.114.138.89"
"opwupfrpriv30m","PoweredOn","opsidwup6esx4m.intranet-paris.francetelecom.fr","VM ADM 1592, VM PRI 1376, VM PRV 1815","10.111.142.90, 10.107.222.34, 10.70.116.129","10.70.116.0/23 10.107.222.0/23 10.111.142.0/23","00:50:56:96:2f:65, 00:50:56:96:2f:66, 00:50:56:96:2f:67","10.70.117.254, 10.111.143.254, 10.107.223.254","3","Vmxnet3","10.70.116.4, 10.70.116.3, 10.114.138.89"
"opevgfrws02m","PoweredOn","opsidwup6esx4m.intranet-paris.francetelecom.fr","VM ADM 1592, VM PRI 1376, VM PRV 1815","10.111.142.55, 10.107.222.51, 10.70.116.11","10.70.116.0/23 10.107.222.0/23 10.111.142.0/23","00:50:56:a8:da:34, 00:50:56:a8:c6:b3, 00:50:56:a8:54:51","10.107.223.254, 10.111.143.254","3","Vmxnet3","10.70.116.4, 10.70.116.3, 10.114.138.89"
"opsiddnswupp2m","PoweredOn","opsidwup6esx9m.intranet-paris.francetelecom.fr","VM ADM 1592, VM PRI 1376, VM PRV 1815","10.111.142.34, 10.107.222.4, 10.70.116.4","10.70.116.0/23 10.107.222.0/23 10.111.142.0/23","00:50:56:96:22:69, 00:50:56:96:22:6a, 00:50:56:96:22:6b","10.111.143.254, 10.107.223.254","3","Vmxnet3","10.70.116.4, 10.70.116.3, 10.114.138.89"
"opwupfrpriv32m","PoweredOn","opsidwup6esx9m.intranet-paris.francetelecom.fr","VM ADM 1592, VM PRI 1376, VM PRV 1815","10.111.142.92, 10.107.222.36, 10.70.116.131","10.70.116.0/23 10.107.222.0/23 10.111.142.0/23","00:50:56:96:2f:6b, 00:50:56:96:2f:6c, 00:50:56:96:2f:6d","10.70.117.254, 10.111.143.254, 10.107.223.254","3","Vmxnet3","10.70.116.4, 10.70.116.3, 10.114.138.89"
"opwupfrpriv10m","PoweredOn","opsidwup6esx9m.intranet-paris.francetelecom.fr","VM ADM 1592, VM PRI 1376, VM PRV 1815","10.111.142.70, 10.107.222.14, 10.70.116.109","10.70.116.0/23 10.107.222.0/23 10.111.142.0/23","00:50:56:96:2f:29, 00:50:56:96:2f:2a, 00:50:56:96:2f:2b","10.70.117.254, 10.111.143.254, 10.107.223.254","3","Vmxnet3","10.70.116.4, 10.70.116.3, 10.114.138.89"
"opsmqwas01m","PoweredOn","opsidwup6esx9m.intranet-paris.francetelecom.fr","VM ADM 1592, VM PRI 1376, VM PRV 1815","10.111.142.242, 10.107.222.80, 10.70.116.21","10.70.116.0/23 10.107.222.0/23 10.111.142.0/23","00:50:56:83:8f:06, 00:50:56:83:b7:6f, 00:50:56:83:c3:7f","10.107.223.254, 10.111.143.254","3","Vmxnet3","10.70.116.4, 10.70.116.5, 10.98.228.145"
"opwupfrpriv20m","PoweredOn","opsidwup6esx8m.intranet-paris.francetelecom.fr","VM ADM 1592, VM PRI 1376, VM PRV 1815","10.111.142.80, 10.107.222.24, 10.70.116.119","10.70.116.0/23 10.107.222.0/23 10.111.142.0/23","00:50:56:96:2f:47, 00:50:56:96:2f:48, 00:50:56:96:2f:49","10.70.117.254, 10.111.143.254, 10.107.223.254","3","Vmxnet3","10.70.116.4, 10.70.116.3, 10.114.138.89"
"opwupfrpriv12m","PoweredOn","opsidwup6esx8m.intranet-paris.francetelecom.fr","VM ADM 1592, VM PRI 1376, VM PRV 1815","10.111.142.72, 10.107.222.16, 10.70.116.111","10.70.116.0/23 10.107.222.0/23 10.111.142.0/23","00:50:56:96:2f:2f, 00:50:56:96:2f:30, 00:50:56:96:2f:31","10.70.117.254, 10.111.143.254, 10.107.223.254","3","Vmxnet3","10.70.116.4, 10.70.116.3, 10.114.138.89"
"opwtrwtpriv8m","PoweredOn","opsidwup6esx8m.intranet-paris.francetelecom.fr","VM ADM 1592, VM PRI 1278, VM PRV 1815","10.111.142.47, 10.117.17.136, 10.70.116.81","10.70.116.0/23 10.111.142.0/23","00:50:56:96:10:93, 00:50:56:96:10:94, 00:50:56:96:10:95","10.111.143.254, 10.117.17.190","3","Vmxnet3","10.70.116.4, 10.70.116.3, 10.114.138.89"
"opwupfrpriv2m","PoweredOn","opsidwup6esx5m.intranet-paris.francetelecom.fr","VM ADM 1592, VM PRI 1376, VM PRV 1815","10.111.142.62, 10.107.222.6, 10.70.116.101","10.70.116.0/23 10.107.222.0/23 10.111.142.0/23","00:50:56:96:2f:11, 00:50:56:96:2f:12, 00:50:56:96:2f:13","10.70.117.254, 10.111.143.254, 10.107.223.254","3","Vmxnet3","10.70.116.4, 10.70.116.3, 10.114.138.89"
"opwtrwtpriv4m","PoweredOn","opsidwup6esx5m.intranet-paris.francetelecom.fr","VM ADM 1592, VM PRI 1278, VM PRV 1815","10.111.142.43, 10.117.17.132, 10.70.116.77","10.70.116.0/23 10.111.142.0/23","00:50:56:96:10:87, 00:50:56:96:10:88, 00:50:56:96:10:89","10.111.143.254, 10.117.17.190","3","Vmxnet3","10.70.116.4, 10.70.116.3, 10.114.138.89"
"opwupfrpriv26m","PoweredOn","opsidwup6esx6m.intranet-paris.francetelecom.fr","VM ADM 1592, VM PRI 1376, VM PRV 1815","10.111.142.86, 10.107.222.30, 10.70.116.125","10.70.116.0/23 10.107.222.0/23 10.111.142.0/23","00:50:56:96:2f:59, 00:50:56:96:2f:5a, 00:50:56:96:2f:5b","10.70.117.254, 10.111.143.254, 10.107.223.254","3","Vmxnet3","10.70.116.4, 10.70.116.3, 10.114.138.89"
"opwupfrpriv24m","PoweredOn","opsidwup6esx11m.intranet-paris.francetelecom.fr","VM ADM 1592, VM PRI 1376, VM PRV 1815","10.111.142.84, 10.107.222.28, 10.70.116.123","10.70.116.0/23 10.107.222.0/23 10.111.142.0/23","00:50:56:96:2f:53, 00:50:56:96:2f:54, 00:50:56:96:2f:55","10.70.117.254, 10.111.143.254, 10.107.223.254","3","Vmxnet3","10.70.116.4, 10.70.116.3, 10.114.138.89"
"opwupfrpriv8m","PoweredOn","opsidwup6esx11m.intranet-paris.francetelecom.fr","VM ADM 1592, VM PRI 1376, VM PRV 1815","10.111.142.68, 10.107.222.12, 10.70.116.107","10.70.116.0/23 10.107.222.0/23 10.111.142.0/23","00:50:56:96:2f:23, 00:50:56:96:2f:24, 00:50:56:96:2f:25","10.70.117.254, 10.111.143.254, 10.107.223.254","3","Vmxnet3","10.70.116.4, 10.70.116.3, 10.114.138.89"
"opwupfrpriv40m","PoweredOn","opsidwup6esx11m.intranet-paris.francetelecom.fr","VM ADM 1592, VM PRI 1376, VM PRV 1815","10.111.142.100, 10.107.222.44, 10.70.116.139","10.70.116.0/23 10.107.222.0/23 10.111.142.0/23","00:50:56:96:2f:83, 00:50:56:96:2f:84, 00:50:56:96:2f:85","10.70.117.254, 10.111.143.254, 10.107.223.254","3","Vmxnet3","10.70.116.4, 10.70.116.3, 10.114.138.89"
"opsahfrws2m","PoweredOn","opsidwup6esx10m.intranet-paris.francetelecom.fr","VM ADM 1592, VM PRI 1376, VM PRV 1815","10.111.142.31, 10.107.222.46, 10.70.116.6","10.70.116.0/23 10.107.222.0/23 10.111.142.0/23","00:50:56:96:4c:54, 00:50:56:96:4c:55, 00:50:56:96:4c:56","10.70.117.254, 10.111.143.254, 10.107.223.254","3","Vmxnet3","10.70.116.4, 10.70.116.3, 10.114.138.89"
"opwupfrpriv38m","PoweredOn","opsidwup6esx10m.intranet-paris.francetelecom.fr","VM ADM 1592, VM PRI 1376, VM PRV 1815","10.111.142.98, 10.107.222.42, 10.70.116.137","10.70.116.0/23 10.107.222.0/23 10.111.142.0/23","00:50:56:96:2f:7d, 00:50:56:96:2f:7e, 00:50:56:96:2f:7f","10.70.117.254, 10.111.143.254, 10.107.223.254","3","Vmxnet3","10.70.116.4, 10.70.116.3, 10.114.138.89"
"opwtrwtpriv10m","PoweredOn","opsidwup6esx10m.intranet-paris.francetelecom.fr","VM ADM 1592, VM PRI 1278, VM PRV 1815","10.111.142.50, 10.117.17.139, 10.70.116.84","10.70.116.0/23 10.111.142.0/23","00:50:56:96:52:17, 00:50:56:96:52:18, 00:50:56:96:52:19","10.111.143.254, 10.117.17.190","3","Vmxnet3","10.70.116.4, 10.70.116.3, 10.114.138.89"
"opwupfrpriv34m","PoweredOn","opsidwup6esx3m.intranet-paris.francetelecom.fr","VM ADM 1592, VM PRI 1376, VM PRV 1815","10.111.142.94, 10.107.222.38, 10.70.116.133","10.70.116.0/23 10.107.222.0/23 10.111.142.0/23","00:50:56:96:2f:71, 00:50:56:96:2f:72, 00:50:56:96:2f:73","10.70.117.254, 10.111.143.254, 10.107.223.254","3","Vmxnet3","10.70.116.4, 10.70.116.3, 10.114.138.89"
"opwtrwtpriv6m","PoweredOn","opsidwup6esx3m.intranet-paris.francetelecom.fr","VM ADM 1592, VM PRI 1278, VM PRV 1815","10.111.142.45, 10.117.17.134, 10.70.116.79","10.70.116.0/23 10.111.142.0/23","00:50:56:96:10:8d, 00:50:56:96:10:8e, 00:50:56:96:10:8f","10.111.143.254, 10.117.17.190","3","Vmxnet3","10.70.116.4, 10.70.116.3, 10.114.138.89"
"opwupfrpriv28m","PoweredOn","opsidwup6esx3m.intranet-paris.francetelecom.fr","VM ADM 1592, VM PRI 1376, VM PRV 1815","10.111.142.88, 10.107.222.32, 10.70.116.127","10.70.116.0/23 10.107.222.0/23 10.111.142.0/23","00:50:56:96:2f:5f, 00:50:56:96:2f:60, 00:50:56:96:2f:61","10.70.117.254, 10.111.143.254, 10.107.223.254","3","Vmxnet3","10.70.116.4, 10.70.116.3, 10.114.138.89"
"opevgfrws04m","PoweredOn","opsidwup6esx3m.intranet-paris.francetelecom.fr","VM ADM 1592, VM PRI 1376, VM PRV 1815","10.111.142.57, 10.107.222.53, 10.70.116.13","10.70.116.0/23 10.107.222.0/23 10.111.142.0/23","00:50:56:a8:cd:45, 00:50:56:a8:95:0f, 00:50:56:a8:e4:cc","10.107.223.254, 10.111.143.254","3","Vmxnet3","10.70.116.4, 10.70.116.3, 10.114.138.89"
"opwupfrpriv4m","PoweredOn","opsidwup6esx12m.intranet-paris.francetelecom.fr","VM ADM 1592, VM PRI 1376, VM PRV 1815","10.111.142.64, 10.107.222.8, 10.70.116.103","10.70.116.0/23 10.107.222.0/23 10.111.142.0/23","00:50:56:96:2f:17, 00:50:56:96:2f:18, 00:50:56:96:2f:19","10.70.117.254, 10.111.143.254, 10.107.223.254","3","Vmxnet3","10.70.116.4, 10.70.116.3, 10.114.138.89"
"opwupfrpriv6m","PoweredOn","opsidwup6esx12m.intranet-paris.francetelecom.fr","VM ADM 1592, VM PRI 1376, VM PRV 1815","10.111.142.66, 10.107.222.10, 10.70.116.105","10.70.116.0/23 10.107.222.0/23 10.111.142.0/23","00:50:56:96:2f:1d, 00:50:56:96:2f:1e, 00:50:56:96:2f:1f","10.70.117.254, 10.111.143.254, 10.107.223.254","3","Vmxnet3","10.70.116.4, 10.70.116.3, 10.114.138.89"
"opwupfrpriv36m","PoweredOn","opsidwup6esx12m.intranet-paris.francetelecom.fr","VM ADM 1592, VM PRI 1376, VM PRV 1815","10.111.142.96, 10.107.222.40, 10.70.116.135","10.70.116.0/23 10.107.222.0/23 10.111.142.0/23","00:50:56:96:2f:77, 00:50:56:96:2f:78, 00:50:56:96:2f:79","10.70.117.254, 10.111.143.254, 10.107.223.254","3","Vmxnet3","10.70.116.4, 10.70.116.3, 10.114.138.89"
"opwupfrpriv16m","PoweredOn","opsidwup6esx7m.intranet-paris.francetelecom.fr","VM ADM 1592, VM PRI 1376, VM PRV 1815","10.111.142.76, 10.107.222.20, 10.70.116.115","10.70.116.0/23 10.107.222.0/23 10.111.142.0/23","00:50:56:96:2f:3b, 00:50:56:96:2f:3c, 00:50:56:96:2f:3d","10.70.117.254, 10.111.143.254, 10.107.223.254","3","Vmxnet3","10.70.116.4, 10.70.116.3, 10.114.138.89"
"opevgfrdb02m","PoweredOn","opsidwup6esx7m.intranet-paris.francetelecom.fr","VM ADM 1592, VM PRI 1376, VM PRV 1815","10.111.142.52, 10.107.222.48, 10.70.116.8","10.70.116.0/23 10.107.222.0/23 10.111.142.0/23","00:50:56:a8:f6:fd, 00:50:56:a8:f5:71, 00:50:56:a8:94:14","10.107.223.254, 10.111.143.254","3","Vmxnet3","10.70.116.4, 10.70.116.3, 10.114.138.89"
